# Exported from Godot Engine
mtllib player.mtl
o player
v 0.061015 0.498425 0.045673
vt 0.878908 0.173976
vn 0.619566 0.245551 0.745549
v 0.083009 0.499927 0.000415
vt 0.910545 0.183975
vn 0.937775 0.347088 0.010416
v 0.078503 0.442834 0.046201
vt 0.895673 0.135158
vn 0.717829 0.259257 0.646148
v 0.102572 0.446535 -0.016376
vt 0.936830 0.150185
vn 0.903691 0.427096 0.030514
v 0.065130 0.550625 0.009422
vt 0.891954 0.216864
vn 0.944315 0.326513 0.040727
v 0.119721 0.330114 0.053530
vt 0.918308 0.056492
vn 0.684174 0.295694 0.666687
v 0.162723 0.338349 -0.037835
vt 0.981370 0.076163
vn 0.890307 0.454496 -0.028050
v 0.042474 0.438781 0.067504
vt 0.864716 0.130046
vn 0.265162 0.185692 0.946154
v 0.051477 0.326128 0.083208
vt 0.870182 0.050534
vn 0.224003 0.151588 0.962727
v 0.043148 0.549911 0.042747
vt 0.866799 0.210317
vn 0.555484 0.239702 0.796229
v 0.000000 0.437147 0.070190
vt 0.837337 0.128900
vn -0.000017 0.144468 0.989509
v 0.000000 0.324753 0.086193
vt 0.836800 0.049510
vn -0.000017 0.140982 0.990012
v -0.051477 0.326128 0.083208
vt 0.803436 0.051064
vn -0.224050 0.151593 0.962716
v 0.000000 0.497400 0.061233
vt 0.837627 0.171915
vn -0.000018 0.168696 0.985668
v -0.042474 0.438781 0.067504
vt 0.809976 0.130481
vn -0.265212 0.185698 0.946139
v -0.119721 0.330114 0.053530
vt 0.755396 0.057786
vn -0.684223 0.295694 0.666636
v 0.000000 0.549511 0.055730
vt 0.837874 0.208490
vn -0.000018 0.182564 0.983194
v -0.061015 0.498425 0.045673
vt 0.796379 0.174631
vn -0.619619 0.245552 0.745504
v -0.078503 0.442834 0.046201
vt 0.779091 0.136084
vn -0.717876 0.259256 0.646096
v -0.102572 0.446535 -0.016376
vt 0.738141 0.151764
vn -0.903700 0.427080 0.030472
v -0.162722 0.338349 -0.037835
vt 0.692606 0.078457
vn -0.890323 0.454463 -0.028092
v -0.083009 0.499927 0.000415
vt 0.764880 0.185132
vn -0.937780 0.347075 0.010376
v -0.065130 0.550625 0.009422
vt 0.783914 0.217722
vn -0.944321 0.326501 0.040685
v -0.043148 0.549911 0.042747
vt 0.808978 0.210776
vn -0.555538 0.239704 0.796190
v 0.000000 0.654238 0.029782
vt 0.838379 0.288557
vn -0.000019 0.299685 0.954038
v -0.024080 0.654238 0.024927
vt 0.822683 0.288557
vn -0.350529 0.263861 0.898614
v -0.040957 0.640880 0.003436
vt 0.803490 0.288557
vn -0.970108 0.242675 -0.000315
v 0.000000 0.675145 0.020904
vt 0.838486 0.303116
vn -0.000019 0.303352 0.952879
v -0.016022 0.675145 0.020781
vt 0.828159 0.303116
vn 0.009969 0.353566 0.935357
v -0.021482 0.675349 0.020815
vt 0.825090 0.303116
vn 0.018784 0.435367 0.900057
v -0.016990 0.686706 0.010624
vt 0.828159 0.312662
vn -0.144621 0.828235 0.541397
v -0.021201 0.684953 0.012172
vt 0.825090 0.312662
vn -0.083440 0.764483 0.639221
v -0.021355 0.688096 0.005138
vt 0.825090 0.316996
vn -0.227446 0.903835 0.362423
v -0.017297 0.688970 0.005520
vt 0.828159 0.316996
vn -0.214520 0.909761 0.355410
v -0.022013 0.689601 0.000410
vt 0.825090 0.320255
vn -0.229214 0.973358 -0.005919
v -0.017715 0.690529 -0.000273
vt 0.828159 0.320255
vn -0.237815 0.968988 -0.067122
v 0.024080 0.654238 0.024927
vt 0.854091 0.288557
vn 0.350474 0.263854 0.898637
v 0.040957 0.640880 0.003436
vt 0.873219 0.288557
vn 0.970099 0.242710 -0.000278
v 0.016022 0.675145 0.020781
vt 0.848816 0.303116
vn -0.010009 0.353579 0.935351
v 0.021482 0.675349 0.020815
vt 0.852009 0.303116
vn -0.018826 0.435383 0.900048
v 0.016990 0.686706 0.010624
vt 0.848816 0.312662
vn 0.144572 0.828220 0.541434
v 0.021201 0.684953 0.012172
vt 0.852009 0.312662
vn 0.083392 0.764464 0.639250
v 0.021355 0.688096 0.005138
vt 0.852009 0.316996
vn 0.227399 0.903829 0.362466
v 0.017297 0.688970 0.005520
vt 0.848816 0.316996
vn 0.214473 0.909755 0.355453
v 0.022013 0.689601 0.000410
vt 0.852009 0.320255
vn 0.229206 0.973360 -0.005882
v 0.017715 0.690529 -0.000273
vt 0.848816 0.320255
vn 0.237807 0.968993 -0.067081
v 0.000000 0.500161 -0.060836
vt 0.849322 0.171297
vn 0.000000 0.497646 -0.867380
v 0.039691 0.442149 -0.091379
vt 0.822534 0.124413
vn 0.135526 0.496019 -0.857670
v 0.084505 0.445168 -0.075496
vt 0.791320 0.130748
vn 0.580510 0.539543 -0.609837
v 0.115679 0.332472 -0.125698
vt 0.770249 0.048746
vn 0.536831 0.461709 -0.706142
v 0.162723 0.338349 -0.037835
vt 0.711971 0.081548
vn 0.890307 0.454496 -0.028050
v 0.044249 0.329470 -0.149388
vt 0.819740 0.039692
vn 0.114003 0.459031 -0.881075
v 0.102572 0.446535 -0.016376
vt 0.755216 0.153246
vn 0.903691 0.427096 0.030514
v 0.000000 0.440843 -0.090694
vt 0.849322 0.124128
vn 0.000000 0.453432 -0.891291
v 0.000000 0.328400 -0.148677
vt 0.849322 0.039294
vn 0.000000 0.458304 -0.888796
v -0.044249 0.329470 -0.149388
vt 0.878903 0.039692
vn -0.114001 0.458979 -0.881103
v 0.060319 0.500281 -0.043589
vt 0.804547 0.175484
vn 0.564129 0.505934 -0.652525
v 0.083009 0.499927 0.000415
vt 0.773251 0.190532
vn 0.937775 0.347088 0.010416
v 0.065130 0.550625 0.009422
vt 0.788211 0.224024
vn 0.944315 0.326513 0.040727
v -0.039691 0.442149 -0.091379
vt 0.876110 0.124413
vn -0.135524 0.495965 -0.857702
v -0.115679 0.332472 -0.125698
vt 0.928395 0.048746
vn -0.536824 0.461651 -0.706185
v 0.043080 0.550867 -0.024025
vt 0.815452 0.215860
vn 0.565864 0.313929 -0.762395
v 0.040957 0.640880 0.003436
vt 0.810913 0.288557
vn 0.970099 0.242710 -0.000278
v -0.084505 0.445168 -0.075496
vt 0.907324 0.130748
vn -0.580508 0.539488 -0.609887
v -0.162722 0.338349 -0.037835
vt 0.986673 0.081548
vn -0.890323 0.454463 -0.028092
v -0.102572 0.446535 -0.016376
vt 0.943428 0.153246
vn -0.903700 0.427080 0.030472
v 0.024080 0.654238 -0.022964
vt 0.832419 0.288557
vn 0.370627 0.128624 -0.919832
v -0.060319 0.500281 -0.043589
vt 0.894096 0.175484
vn -0.564125 0.505877 -0.652573
v -0.083009 0.499927 0.000415
vt 0.925393 0.190532
vn -0.937780 0.347075 0.010376
v -0.065130 0.550625 0.009422
vt 0.910433 0.224024
vn -0.944321 0.326501 0.040685
v 0.019472 0.654238 -0.023728
vt 0.835428 0.288557
vn 0.163027 0.088311 -0.982661
v 0.016022 0.675145 -0.020499
vt 0.835428 0.303116
vn 0.179709 0.420745 -0.889201
v 0.021226 0.675339 -0.019333
vt 0.832419 0.303116
vn 0.183551 0.442835 -0.877614
v 0.000000 0.654238 -0.026958
vt 0.849322 0.288557
vn 0.000000 0.052512 -0.998620
v 0.016993 0.686115 -0.010822
vt 0.835428 0.312662
vn 0.246631 0.777845 -0.578040
v 0.021197 0.684364 -0.011356
vt 0.832419 0.312662
vn 0.235950 0.742439 -0.626987
v 0.017299 0.688970 -0.005237
vt 0.835428 0.316996
vn 0.318641 0.867998 -0.380852
v 0.021351 0.688097 -0.003736
vt 0.832419 0.316996
vn 0.305130 0.877730 -0.369440
v 0.017715 0.690529 -0.000273
vt 0.835428 0.320255
vn 0.237807 0.968993 -0.067081
v 0.022013 0.689601 0.000410
vt 0.832419 0.320255
vn 0.229206 0.973360 -0.005882
v 0.000000 0.550166 -0.036047
vt 0.849322 0.213528
vn 0.000000 0.277430 -0.960746
v -0.043080 0.550867 -0.024025
vt 0.883192 0.215860
vn -0.565851 0.313872 -0.762428
v -0.040957 0.640880 0.003436
vt 0.887731 0.288557
vn -0.970108 0.242675 -0.000315
v -0.019472 0.654238 -0.023728
vt 0.863216 0.288557
vn -0.163021 0.088270 -0.982666
v -0.024080 0.654238 -0.022964
vt 0.866225 0.288557
vn -0.370614 0.128576 -0.919844
v -0.016022 0.675145 -0.020499
vt 0.863216 0.303116
vn -0.179705 0.420690 -0.889228
v -0.021226 0.675339 -0.019333
vt 0.866225 0.303116
vn -0.183547 0.442780 -0.877642
v -0.016993 0.686115 -0.010822
vt 0.863216 0.312662
vn -0.246634 0.777803 -0.578095
v -0.021197 0.684364 -0.011356
vt 0.866225 0.312662
vn -0.235951 0.742394 -0.627039
v -0.017299 0.688970 -0.005237
vt 0.863216 0.316996
vn -0.318648 0.867970 -0.380909
v -0.021351 0.688097 -0.003736
vt 0.866225 0.316996
vn -0.305138 0.877704 -0.369496
v -0.017715 0.690529 -0.000273
vt 0.863216 0.320255
vn -0.237815 0.968988 -0.067122
v -0.022013 0.689601 0.000410
vt 0.866225 0.320255
vn -0.229214 0.973358 -0.005919
v 0.000000 0.692736 -0.012741
vt 0.758243 0.324614
vn 0.000000 0.288222 -0.957564
v 0.000000 0.675145 -0.022295
vt 0.743445 0.324614
vn 0.000000 0.375841 -0.926684
v 0.005993 0.692736 -0.009425
vt 0.759413 0.329555
vn 0.544467 0.391033 -0.742057
v -0.005993 0.692736 -0.009425
vt 0.759413 0.319672
vn -0.544457 0.390975 -0.742095
v 0.010495 0.692736 -0.001421
vt 0.763915 0.334654
vn 0.758773 0.650098 -0.040449
v 0.017715 0.690529 -0.000273
vt 0.762756 0.340191
vn 0.336099 0.941817 0.004245
v 0.017299 0.688970 -0.005237
vt 0.759109 0.338907
vn 0.390128 0.861477 -0.325051
v 0.016993 0.686115 -0.010822
vt 0.754587 0.337815
vn 0.343141 0.701820 -0.624262
v 0.016022 0.675145 -0.020499
vt 0.743804 0.336529
vn 0.134304 0.388509 -0.911605
v 0.019472 0.654238 -0.023728
vt 0.728147 0.339243
vn 0.139325 0.196330 -0.970589
v 0.000000 0.654238 -0.026958
vt 0.727601 0.324614
vn 0.000000 0.217706 -0.976014
v -0.019472 0.654238 -0.023728
vt 0.728147 0.309984
vn -0.139320 0.196284 -0.970599
v -0.016022 0.675145 -0.020499
vt 0.743804 0.312698
vn -0.134300 0.388456 -0.911628
v -0.016993 0.686115 -0.010822
vt 0.754587 0.311412
vn -0.343143 0.701772 -0.624315
v -0.017299 0.688970 -0.005237
vt 0.759109 0.310320
vn -0.390138 0.861451 -0.325107
v -0.017715 0.690529 -0.000273
vt 0.762756 0.309036
vn -0.336134 0.941805 0.004206
v -0.010494 0.692736 -0.001421
vt 0.763915 0.314573
vn -0.758793 0.650072 -0.040494
v 0.000000 0.692736 0.009899
vt 0.783058 0.323738
vn -0.000018 0.206760 0.978392
v 0.005993 0.692736 0.006583
vt 0.781756 0.328640
vn 0.548810 0.373715 0.747760
v 0.000000 0.675145 0.020904
vt 0.798422 0.323738
vn -0.000021 0.614270 0.789096
v 0.016022 0.675145 0.020781
vt 0.798694 0.335599
vn 0.028372 0.637529 0.769903
v 0.016990 0.686706 0.010624
vt 0.787325 0.336650
vn 0.171696 0.745080 0.644497
v 0.017297 0.688970 0.005520
vt 0.783247 0.337370
vn 0.312478 0.899558 0.305209
v 0.010495 0.692736 -0.001421
vt 0.776737 0.333227
vn 0.758773 0.650098 -0.040449
v 0.017715 0.690529 -0.000273
vt 0.778925 0.338441
vn 0.336099 0.941817 0.004245
v -0.005993 0.692736 0.006583
vt 0.781756 0.318837
vn -0.548866 0.373718 0.747717
v -0.016022 0.675145 0.020781
vt 0.798694 0.311878
vn -0.028417 0.637550 0.769885
v -0.016990 0.686706 0.010624
vt 0.787325 0.310826
vn -0.171747 0.745097 0.644464
v -0.017297 0.688970 0.005520
vt 0.783247 0.310106
vn -0.312524 0.899558 0.305162
v -0.010494 0.692736 -0.001421
vt 0.776737 0.314250
vn -0.758793 0.650072 -0.040494
v -0.017715 0.690529 -0.000273
vt 0.778925 0.309036
vn -0.336134 0.941805 0.004206
v 0.021355 0.688096 0.005138
vt 0.706940 0.353015
vn 0.167777 0.915311 0.366138
v 0.040454 0.685313 0.003341
vt 0.720198 0.347517
vn 0.140005 0.989835 0.025005
v 0.021201 0.684953 0.012172
vt 0.704515 0.347850
vn 0.100272 0.837307 0.537460
v 0.022013 0.689601 0.000410
vt 0.708934 0.356139
vn 0.234816 0.970327 -0.057673
v 0.045591 0.676249 0.021135
vt 0.712557 0.426816
vn 0.062258 0.538856 0.840094
v 0.055864 0.658122 0.021135
vt 0.714407 0.411499
vn 0.120594 -0.448392 0.885664
v 0.024080 0.654238 0.024927
vt 0.691403 0.417890
vn 0.098464 -0.240912 0.965539
v 0.040957 0.640880 0.003436
vt 0.699004 0.396690
vn 0.307966 -0.950946 0.029308
v 0.061001 0.649058 0.003341
vt 0.715027 0.396244
vn 0.154403 -0.987949 0.010786
v 0.021482 0.675349 0.020815
vt 0.695906 0.433286
vn -0.028706 0.451822 0.891646
v 0.021201 0.684953 0.012172
vt 0.699345 0.442215
vn 0.100272 0.837307 0.537460
v 0.040454 0.685313 0.003341
vt 0.715027 0.441882
vn 0.140005 0.989835 0.025005
v 0.061001 0.649058 0.003341
vt 0.816365 0.410253
vn 0.154403 -0.987949 0.010786
v 0.055864 0.658122 -0.014454
vt 0.813649 0.395229
vn 0.119761 -0.475999 -0.871254
v 0.040957 0.640880 0.003436
vt 0.800447 0.412140
vn 0.307966 -0.950946 0.029308
v 0.024080 0.654238 -0.022964
vt 0.789856 0.389251
vn 0.257698 -0.212808 -0.942499
v 0.045591 0.676249 -0.014454
vt 0.811588 0.379939
vn 0.123601 0.567206 -0.814248
v 0.021226 0.675339 -0.019333
vt 0.794209 0.373861
vn 0.161725 0.431403 -0.887545
v 0.021197 0.684364 -0.011356
vt 0.798424 0.366000
vn 0.213136 0.803209 -0.556262
v 0.040454 0.685313 0.003341
vt 0.816365 0.365438
vn 0.140005 0.989835 0.025005
v 0.021351 0.688097 -0.003736
vt 0.801880 0.360753
vn 0.276601 0.872199 -0.403437
v 0.022013 0.689601 0.000410
vt 0.804101 0.358309
vn 0.234816 0.970327 -0.057673
v 0.079727 0.353236 -0.064992
vt 0.718773 0.028889
vn -0.115798 -0.960523 0.252955
v 0.115679 0.332472 -0.125698
vt 0.724084 0.019234
vn -0.120720 -0.962301 0.243728
v 0.035351 0.353236 -0.065390
vt 0.712095 0.029205
vn -0.125114 -0.955614 0.266738
v 0.162723 0.338349 -0.037835
vt 0.731999 0.032956
vn -0.293705 -0.955472 0.028483
v 0.044249 0.329470 -0.149388
vt 0.713333 0.016030
vn -0.008817 -0.962440 0.271351
v 0.112804 0.353916 -0.013484
vt 0.723674 0.036690
vn -0.343602 -0.933608 -0.101553
v 0.119721 0.330114 0.053530
vt 0.725414 0.047620
vn -0.348185 -0.847270 -0.401124
v 0.079842 0.353918 0.038214
vt 0.718666 0.044301
vn -0.229060 -0.848489 -0.477073
v 0.051477 0.326128 0.083208
vt 0.714681 0.052200
vn -0.053465 -0.839596 -0.540574
v 0.033366 0.353916 0.036574
vt 0.711875 0.043770
vn -0.029367 -0.895631 -0.443826
v 0.000000 0.328400 -0.148677
vt 0.706881 0.016135
vn -0.000019 -0.957909 0.287071
v 0.000000 0.324753 0.086193
vt 0.706881 0.052657
vn 0.000000 -0.869870 -0.493280
v 0.000000 0.375498 -0.011297
vt 0.706881 0.036839
vn 0.000000 -0.999560 -0.029667
v 0.009030 0.353916 -0.013500
vt 0.709808 0.036619
vn -0.923234 -0.382402 -0.037527
v -0.033366 0.353916 0.036574
vt 0.701887 0.043770
vn 0.333670 -0.940140 0.069292
v -0.051477 0.326128 0.083208
vt 0.699082 0.052200
vn 0.053464 -0.839628 -0.540524
v -0.009030 0.353916 -0.013500
vt 0.703954 0.036619
vn 0.964244 -0.263793 -0.025419
v -0.079842 0.353918 0.038214
vt 0.695096 0.044301
vn -0.075924 -0.991869 0.102131
v -0.119721 0.330114 0.053530
vt 0.688348 0.047620
vn 0.348178 -0.847300 -0.401067
v -0.112804 0.353916 -0.013484
vt 0.690088 0.036690
vn -0.216710 -0.971127 -0.099749
v -0.162722 0.338349 -0.037835
vt 0.681763 0.032956
vn 0.293669 -0.955482 0.028523
v -0.079727 0.353236 -0.064992
vt 0.694989 0.028889
vn -0.166394 -0.953828 -0.250051
v -0.115679 0.332472 -0.125698
vt 0.689678 0.019234
vn 0.120679 -0.962296 0.243768
v -0.035351 0.353236 -0.065390
vt 0.701668 0.029205
vn 0.359870 -0.910298 -0.204576
v -0.044249 0.329470 -0.149388
vt 0.700429 0.016030
vn 0.008779 -0.962431 0.271386
v 0.001499 0.675320 0.021355
vt 0.560209 0.137876
vn 0.351851 -0.478581 -0.804463
v 0.021128 0.633150 0.066781
vt 0.581449 0.163189
vn -0.068794 -0.745782 -0.662629
v 0.036507 0.639615 0.057908
vt 0.586579 0.155070
vn 0.221359 -0.583142 -0.781630
v 0.048328 0.667686 0.056781
vt 0.590227 0.140016
vn 0.553880 -0.264916 -0.789326
v 0.001499 0.675320 0.021355
vt 0.560209 0.137876
vn -0.539418 0.612371 0.577953
v 0.048328 0.667686 0.056781
vt 0.590227 0.140016
vn -0.152113 0.905467 0.396221
v 0.032949 0.661220 0.065655
vt 0.585842 0.131700
vn -0.483591 0.674367 0.558005
v 0.021128 0.633150 0.066781
vt 0.586236 0.116538
vn -0.718291 0.327076 0.614068
v 0.032949 0.661220 0.065655
vt 0.585842 0.131700
vn 0.551277 -0.199734 0.810062
v 0.048328 0.667686 0.056781
vt 0.590227 0.140016
vn 0.551277 -0.199734 0.810062
v 0.036507 0.639615 0.057908
vt 0.594262 0.124214
vn 0.551277 -0.199734 0.810062
v 0.021128 0.633150 0.066781
vt 0.586236 0.116538
vn 0.551277 -0.199734 0.810062
v 0.000967 0.675546 0.019915
vt 0.562563 0.127548
vn 0.334864 -0.429428 -0.838724
v 0.015613 0.599520 0.068390
vt 0.597250 0.092860
vn 0.025374 -0.534019 -0.845091
v 0.025123 0.601088 0.067685
vt 0.593772 0.089546
vn 0.311957 -0.439337 -0.842416
v 0.036770 0.606089 0.073608
vt 0.589351 0.084177
vn 0.535992 -0.325851 -0.778803
v 0.000967 0.675546 0.019915
vt 0.562563 0.127548
vn -0.353321 0.482847 0.801263
v 0.036770 0.606089 0.073608
vt 0.589351 0.084177
vn -0.039431 0.598272 0.800322
v 0.027261 0.604520 0.074314
vt 0.584588 0.083433
vn -0.275132 0.518291 0.809739
v 0.015613 0.599520 0.068390
vt 0.578352 0.080387
vn -0.543037 0.374581 0.751531
v 0.027261 0.604520 0.074314
vt 0.584588 0.083433
vn 0.177972 -0.896094 0.406621
v 0.036770 0.606089 0.073608
vt 0.589351 0.084177
vn 0.177972 -0.896094 0.406621
v 0.025123 0.601088 0.067685
vt 0.583639 0.079817
vn 0.177972 -0.896094 0.406621
v 0.015613 0.599520 0.068390
vt 0.578352 0.080387
vn 0.177972 -0.896094 0.406621
v 0.000000 0.679754 0.019165
vt 0.607271 0.189520
vn 0.510897 0.746396 0.426471
v 0.004713 0.675356 0.021215
vt 0.607271 0.183304
vn 0.510897 0.746396 0.426471
v 0.000000 0.676806 0.024325
vt 0.604164 0.186358
vn 0.510897 0.746396 0.426471
v 0.004713 0.675356 0.021215
vt 0.607271 0.183304
vn 0.510880 -0.153197 0.845891
v 0.000000 0.670959 0.023266
vt 0.601057 0.183196
vn 0.510880 -0.153197 0.845891
v 0.000000 0.676806 0.024325
vt 0.604164 0.186358
vn 0.510880 -0.153197 0.845891
v -0.021201 0.684953 0.012172
vt 0.675042 0.367046
vn -0.100318 0.837323 0.537425
v -0.040454 0.685313 0.003341
vt 0.690724 0.367379
vn -0.140040 0.989831 0.024970
v -0.021355 0.688096 0.005138
vt 0.677467 0.361881
vn -0.167823 0.915319 0.366097
v -0.022013 0.689601 0.000410
vt 0.679460 0.358757
vn -0.234825 0.970323 -0.057714
v -0.045591 0.676249 0.021135
vt 0.688254 0.382446
vn -0.062304 0.538874 0.840079
v -0.021482 0.675349 0.020815
vt 0.671602 0.375976
vn 0.028663 0.451806 0.891656
v -0.024080 0.654238 0.024927
vt 0.667100 0.391372
vn -0.098507 -0.240920 0.965533
v -0.055864 0.658122 0.021135
vt 0.690104 0.397762
vn -0.120642 -0.448408 0.885650
v -0.040957 0.640880 0.003436
vt 0.674701 0.412572
vn -0.308002 -0.950935 0.029269
v -0.061001 0.649058 0.003341
vt 0.690724 0.413017
vn -0.154437 -0.987944 0.010751
v -0.040957 0.640880 0.003436
vt 0.764824 0.358309
vn -0.308002 -0.950935 0.029269
v -0.055864 0.658122 -0.014454
vt 0.778026 0.375220
vn -0.119759 -0.475945 -0.871283
v -0.061001 0.649058 0.003341
vt 0.780742 0.360196
vn -0.154437 -0.987944 0.010751
v -0.024080 0.654238 -0.022964
vt 0.754233 0.381198
vn -0.257690 -0.212758 -0.942513
v -0.045591 0.676249 -0.014454
vt 0.775965 0.390510
vn -0.123600 0.567154 -0.814285
v -0.021226 0.675339 -0.019333
vt 0.758586 0.396588
vn -0.161722 0.431349 -0.887572
v -0.021197 0.684364 -0.011356
vt 0.762801 0.404449
vn -0.213139 0.803171 -0.556317
v -0.040454 0.685313 0.003341
vt 0.780742 0.405011
vn -0.140040 0.989831 0.024970
v -0.021351 0.688097 -0.003736
vt 0.766257 0.409696
vn -0.276607 0.872171 -0.403493
v -0.022013 0.689601 0.000410
vt 0.768478 0.412140
vn -0.234825 0.970323 -0.057714
v -0.036507 0.639615 0.057908
vt 0.530785 0.155070
vn -0.221357 -0.583089 -0.781671
v -0.021128 0.633150 0.066781
vt 0.535915 0.163189
vn 0.068794 -0.745824 -0.662581
v -0.001499 0.675320 0.021355
vt 0.557155 0.137876
vn -0.351845 -0.478524 -0.804500
v -0.048328 0.667686 0.056781
vt 0.527137 0.140016
vn -0.553866 -0.264860 -0.789355
v -0.032949 0.661220 0.065655
vt 0.531522 0.131700
vn 0.483536 0.674364 0.558056
v -0.048328 0.667686 0.056781
vt 0.527137 0.140016
vn 0.152067 0.905457 0.396261
v -0.001499 0.675320 0.021355
vt 0.557155 0.137876
vn 0.539364 0.612370 0.578005
v -0.021128 0.633150 0.066781
vt 0.531128 0.116538
vn 0.718244 0.327078 0.614122
v -0.036507 0.639615 0.057908
vt 0.523102 0.124214
vn -0.551331 -0.199737 0.810024
v -0.048328 0.667686 0.056781
vt 0.527137 0.140016
vn -0.551331 -0.199737 0.810024
v -0.032949 0.661220 0.065655
vt 0.531522 0.131700
vn -0.551331 -0.199737 0.810024
v -0.021128 0.633150 0.066781
vt 0.531128 0.116538
vn -0.551331 -0.199737 0.810024
v -0.025123 0.601088 0.067685
vt 0.523592 0.089546
vn -0.311951 -0.439280 -0.842448
v -0.015613 0.599520 0.068390
vt 0.520114 0.092860
vn -0.025374 -0.533970 -0.845123
v -0.000967 0.675546 0.019915
vt 0.554802 0.127548
vn -0.334857 -0.429370 -0.838756
v -0.036770 0.606089 0.073608
vt 0.528014 0.084177
vn -0.535980 -0.325794 -0.778835
v -0.027261 0.604520 0.074314
vt 0.532776 0.083433
vn 0.275076 0.518277 0.809767
v -0.036770 0.606089 0.073608
vt 0.528014 0.084177
vn 0.039386 0.598252 0.800339
v -0.000967 0.675546 0.019915
vt 0.554802 0.127548
vn 0.353264 0.482836 0.801295
v -0.015613 0.599520 0.068390
vt 0.539012 0.080387
vn 0.542981 0.374577 0.751574
v -0.025123 0.601088 0.067685
vt 0.533726 0.079817
vn -0.178019 -0.896104 0.406580
v -0.036770 0.606089 0.073608
vt 0.528014 0.084177
vn -0.178019 -0.896104 0.406580
v -0.027261 0.604520 0.074314
vt 0.532776 0.083433
vn -0.178019 -0.896104 0.406580
v -0.015613 0.599520 0.068390
vt 0.539012 0.080387
vn -0.178019 -0.896104 0.406580
v 0.000000 0.676806 0.024325
vt 0.604164 0.186358
vn -0.510946 0.746392 0.426418
v -0.004713 0.675356 0.021215
vt 0.601057 0.189411
vn -0.510946 0.746392 0.426418
v 0.000000 0.679754 0.019165
vt 0.607271 0.189520
vn -0.510946 0.746392 0.426418
v 0.000000 0.676806 0.024325
vt 0.604164 0.186358
vn -0.510934 -0.153200 0.845858
v 0.000000 0.670959 0.023266
vt 0.601057 0.183196
vn -0.510934 -0.153200 0.845858
v -0.004713 0.675356 0.021215
vt 0.601057 0.189411
vn -0.510934 -0.153200 0.845858
v 0.096089 0.150687 -0.037619
vt 0.585765 0.433312
vn 0.996493 -0.034122 -0.076403
v 0.086581 0.216340 -0.013804
vt 0.585765 0.452905
vn 0.998338 0.050988 0.026849
v 0.074244 0.150687 -0.074578
vt 0.597242 0.433312
vn 0.427126 0.011019 -0.904125
v 0.074366 0.150687 -0.000410
vt 0.573809 0.433312
vn 0.471914 -0.153446 0.868189
v 0.071657 0.053998 -0.022570
vt 0.585765 0.403594
vn 0.971278 -0.237907 0.004426
v 0.061250 0.053998 -0.004592
vt 0.573809 0.403594
vn 0.450582 -0.077906 0.889329
v 0.053605 0.001505 -0.004630
vt 0.573809 0.379954
vn 0.469614 -0.070630 0.880042
v 0.059141 0.001505 -0.014414
vt 0.585765 0.379954
vn 0.973348 -0.225298 0.042832
v 0.042363 0.001505 -0.004532
vt 0.561249 0.379954
vn -0.502724 0.025992 0.864056
v 0.061123 0.053998 -0.040410
vt 0.597242 0.403594
vn 0.433957 -0.337124 -0.835481
v 0.053436 0.001505 -0.024101
vt 0.597242 0.379954
vn 0.467671 -0.313612 -0.826397
v 0.043351 0.053998 -0.006751
vt 0.561249 0.403594
vn -0.561212 0.008379 0.827630
v 0.036658 0.001505 -0.014219
vt 0.550762 0.379954
vn -0.997961 -0.032109 0.055160
v 0.034840 0.053998 -0.022485
vt 0.550762 0.403594
vn -0.996780 -0.080074 -0.004240
v 0.039441 0.150687 -0.006678
vt 0.561249 0.433312
vn -0.606514 -0.150625 0.780675
v 0.023344 0.150687 -0.037655
vt 0.550762 0.433312
vn -0.995091 -0.043177 -0.089054
v 0.068148 0.216338 0.019564
vt 0.573809 0.452905
vn 0.402568 -0.189018 0.895662
v 0.035835 0.216389 0.013464
vt 0.561249 0.452905
vn -0.601544 -0.196947 0.774181
v 0.023523 0.216383 -0.013819
vt 0.550762 0.452905
vn -0.999691 -0.023315 0.008674
v 0.022354 0.249465 -0.009639
vt 0.550762 0.462995
vn -0.995583 -0.091914 0.019166
v 0.087574 0.249464 -0.009616
vt 0.585765 0.462995
vn 0.989536 -0.143613 0.013915
v 0.068018 0.249501 0.024904
vt 0.573809 0.462995
vn 0.397487 -0.161427 0.903297
v 0.035371 0.249460 0.019318
vt 0.561249 0.462995
vn -0.600222 -0.132647 0.788757
v 0.033366 0.353916 0.036574
vt 0.561249 0.504624
vn -0.522428 -0.152734 0.838893
v 0.009030 0.353916 -0.013500
vt 0.550762 0.504624
vn -0.992805 -0.119270 -0.010639
v 0.079842 0.353918 0.038214
vt 0.573809 0.504624
vn 0.457579 -0.181737 0.870398
v 0.112804 0.353916 -0.013484
vt 0.585765 0.504624
vn 0.973769 -0.227123 -0.013771
v 0.079727 0.353236 -0.064992
vt 0.597242 0.504624
vn 0.481856 -0.224408 -0.847028
v 0.066691 0.232860 -0.042422
vt 0.597242 0.458466
vn 0.469710 0.072109 -0.879871
v 0.035351 0.353236 -0.065390
vt 0.610971 0.504624
vn -0.495628 -0.179340 -0.849818
v 0.037122 0.232860 -0.038460
vt 0.610971 0.458466
vn -0.636800 0.036158 -0.770181
v 0.009030 0.353916 -0.013500
vt 0.625328 0.504624
vn -0.992805 -0.119270 -0.010639
v 0.022354 0.249465 -0.009639
vt 0.625328 0.462995
vn -0.995583 -0.091914 0.019166
v 0.023523 0.216383 -0.013819
vt 0.625328 0.452905
vn -0.999691 -0.023315 0.008674
v 0.041351 0.150687 -0.070377
vt 0.610971 0.433312
vn -0.521906 0.009889 -0.852946
v 0.023344 0.150687 -0.037655
vt 0.625328 0.433312
vn -0.995091 -0.043177 -0.089054
v 0.043939 0.053998 -0.038882
vt 0.610971 0.403594
vn -0.529559 -0.251764 -0.810050
v 0.034840 0.053998 -0.022485
vt 0.625328 0.403594
vn -0.996780 -0.080074 -0.004240
v 0.042194 0.001505 -0.024003
vt 0.610971 0.379954
vn -0.545757 -0.210296 -0.811126
v 0.036658 0.001505 -0.014219
vt 0.625328 0.379954
vn -0.997961 -0.032109 0.055160
v 0.059141 0.001505 -0.014414
vt 0.551630 0.365026
vn 0.132667 -0.991160 -0.001219
v 0.053436 0.001505 -0.024101
vt 0.558780 0.369153
vn 0.065383 -0.991156 -0.115476
v 0.047900 0.000000 -0.014316
vt 0.558780 0.360898
vn 0.000000 -1.000000 -0.000015
v 0.042194 0.001505 -0.024003
vt 0.565929 0.365026
vn -0.067370 -0.991141 -0.114460
v 0.053605 0.001505 -0.004630
vt 0.551630 0.356770
vn 0.067384 -0.991149 0.114383
v 0.036658 0.001505 -0.014219
vt 0.565929 0.356770
vn -0.132716 -0.991153 0.001150
v 0.042363 0.001505 -0.004532
vt 0.558780 0.352643
vn -0.065402 -0.991155 0.115478
v -0.074244 0.150687 -0.074578
vt 0.491230 0.433312
vn -0.427110 0.010978 -0.904133
v -0.086581 0.216340 -0.013804
vt 0.502707 0.452905
vn -0.998339 0.050987 0.026815
v -0.096089 0.150687 -0.037619
vt 0.502707 0.433312
vn -0.996492 -0.034088 -0.076436
v -0.074366 0.150687 -0.000410
vt 0.514662 0.433312
vn -0.471969 -0.153448 0.868159
v -0.071657 0.053998 -0.022570
vt 0.502707 0.403594
vn -0.971280 -0.237899 0.004389
v -0.061250 0.053998 -0.004592
vt 0.514662 0.403594
vn -0.450634 -0.077907 0.889303
v -0.053605 0.001505 -0.004630
vt 0.514662 0.379954
vn -0.469666 -0.070631 0.880014
v -0.059141 0.001505 -0.014414
vt 0.502707 0.379954
vn -0.973352 -0.225290 0.042792
v -0.042363 0.001505 -0.004532
vt 0.527223 0.379954
vn 0.502674 0.025991 0.864085
v -0.061123 0.053998 -0.040410
vt 0.491230 0.403594
vn -0.433946 -0.337067 -0.835510
v -0.053436 0.001505 -0.024101
vt 0.491230 0.379954
vn -0.467659 -0.313555 -0.826425
v -0.043351 0.053998 -0.006751
vt 0.527223 0.403594
vn 0.561163 0.008379 0.827663
v -0.036658 0.001505 -0.014219
vt 0.537709 0.379954
vn 0.997959 -0.032110 0.055195
v -0.034840 0.053998 -0.022485
vt 0.537709 0.403594
vn 0.996777 -0.080106 -0.004207
v -0.039441 0.150687 -0.006678
vt 0.527223 0.433312
vn 0.606462 -0.150624 0.780716
v -0.023344 0.150687 -0.037655
vt 0.537709 0.433312
vn 0.995092 -0.043211 -0.089020
v -0.035835 0.216389 0.013464
vt 0.527223 0.452905
vn 0.601491 -0.196945 0.774223
v -0.023523 0.216383 -0.013819
vt 0.537709 0.452905
vn 0.999690 -0.023315 0.008706
v -0.068148 0.216338 0.019564
vt 0.514662 0.452905
vn -0.402622 -0.189022 0.895637
v -0.022354 0.249465 -0.009639
vt 0.537709 0.462995
vn 0.995582 -0.091917 0.019201
v -0.033366 0.353916 0.036574
vt 0.527223 0.504624
vn 0.333670 -0.940140 0.069292
v -0.009030 0.353916 -0.013500
vt 0.537709 0.504624
vn 0.964244 -0.263793 -0.025419
v -0.035371 0.249460 0.019318
vt 0.527223 0.462995
vn 0.600171 -0.132646 0.788797
v -0.079842 0.353918 0.038214
vt 0.514662 0.504624
vn -0.075924 -0.991869 0.102131
v -0.068018 0.249501 0.024904
vt 0.514662 0.462995
vn -0.397540 -0.161430 0.903273
v -0.112804 0.353916 -0.013484
vt 0.502707 0.504624
vn -0.216710 -0.971127 -0.099749
v -0.087574 0.249464 -0.009616
vt 0.502707 0.462995
vn -0.989537 -0.143608 0.013879
v -0.079727 0.353236 -0.064992
vt 0.491230 0.504624
vn -0.166394 -0.953828 -0.250051
v -0.066691 0.232861 -0.042422
vt 0.491230 0.458466
vn -0.469693 0.072064 -0.879883
v -0.035351 0.353236 -0.065390
vt 0.477500 0.504624
vn 0.359870 -0.910298 -0.204576
v -0.037122 0.232861 -0.038460
vt 0.477500 0.458466
vn 0.636821 0.036203 -0.770162
v -0.009030 0.353916 -0.013500
vt 0.463143 0.504624
vn 0.964244 -0.263793 -0.025419
v -0.022354 0.249465 -0.009639
vt 0.463143 0.462995
vn 0.995582 -0.091917 0.019201
v -0.023523 0.216383 -0.013819
vt 0.463143 0.452905
vn 0.999690 -0.023315 0.008706
v -0.041351 0.150687 -0.070377
vt 0.477500 0.433312
vn 0.521924 0.009931 -0.852934
v -0.023344 0.150687 -0.037655
vt 0.463143 0.433312
vn 0.995092 -0.043211 -0.089020
v -0.043939 0.053998 -0.038882
vt 0.477500 0.403594
vn 0.529574 -0.251820 -0.810024
v -0.034840 0.053998 -0.022485
vt 0.463143 0.403594
vn 0.996777 -0.080106 -0.004207
v -0.042194 0.001505 -0.024003
vt 0.477500 0.379954
vn 0.545772 -0.210350 -0.811101
v -0.036658 0.001505 -0.014219
vt 0.463143 0.379954
vn 0.997959 -0.032110 0.055195
v -0.047900 0.000000 -0.014316
vt 0.533807 0.361217
vn 0.000000 -1.000000 -0.000015
v -0.053436 0.001505 -0.024101
vt 0.533807 0.369473
vn -0.065385 -0.991151 -0.115515
v -0.059141 0.001505 -0.014414
vt 0.540956 0.365345
vn -0.132672 -0.991159 -0.001253
v -0.042194 0.001505 -0.024003
vt 0.526658 0.365345
vn 0.067367 -0.991146 -0.114421
v -0.053605 0.001505 -0.004630
vt 0.540956 0.357090
vn -0.067420 -0.991150 0.114348
v -0.036658 0.001505 -0.014219
vt 0.526658 0.357090
vn 0.132682 -0.991158 0.001184
v -0.042363 0.001505 -0.004532
vt 0.533807 0.352962
vn 0.065366 -0.991153 0.115513
v 0.169800 0.655704 -0.019795
vt 0.868890 0.463997
vn -0.078463 -0.496742 -0.864344
v 0.055864 0.658122 -0.014454
vt 0.829040 0.463997
vn 0.119761 -0.475999 -0.871254
v 0.169800 0.645869 -0.002762
vt 0.868890 0.473229
vn -0.063180 -0.997619 -0.027653
v 0.061001 0.649058 0.003341
vt 0.829040 0.473229
vn 0.154403 -0.987949 0.010786
v 0.045591 0.676249 -0.014454
vt 0.829040 0.456881
vn 0.123601 0.567206 -0.814248
v 0.192452 0.643176 -0.002525
vt 0.875884 0.473229
vn -0.086916 -0.996087 0.015981
v 0.169800 0.675372 -0.019795
vt 0.868890 0.456881
vn -0.070121 0.495962 -0.865508
v 0.040454 0.685313 0.003341
vt 0.829040 0.450149
vn 0.140005 0.989835 0.025005
v 0.192452 0.654294 -0.021783
vt 0.875884 0.463997
vn -0.086974 -0.495352 -0.864327
v 0.169800 0.685207 -0.002762
vt 0.868890 0.450149
vn -0.044607 0.998554 -0.030017
v 0.045591 0.676249 0.021135
vt 0.829040 0.443873
vn 0.062258 0.538856 0.840094
v 0.180548 0.675946 0.015493
vt 0.873021 0.443873
vn -0.037013 0.505519 0.862021
v 0.055864 0.658122 0.021135
vt 0.829040 0.438121
vn 0.120594 -0.448392 0.885664
v 0.192452 0.687648 -0.002525
vt 0.875884 0.450149
vn -0.105905 0.994343 -0.008101
v 0.180548 0.655004 0.015493
vt 0.873021 0.438121
vn -0.032111 -0.510810 0.859094
v 0.061001 0.649058 0.003341
vt 0.829040 0.431882
vn 0.154403 -0.987949 0.010786
v 0.169800 0.645869 -0.002762
vt 0.868890 0.431882
vn -0.063180 -0.997619 -0.027653
v 0.192452 0.643176 -0.002525
vt 0.875884 0.431882
vn -0.086916 -0.996087 0.015981
v 0.310420 0.636640 -0.002517
vt 0.911515 0.431882
vn -0.056209 -0.998310 0.014766
v 0.308128 0.647614 0.021890
vt 0.911515 0.438121
vn -0.092222 -0.558756 0.824189
v 0.342573 0.635663 -0.002510
vt 0.920689 0.431882
vn 0.067569 -0.996564 -0.047902
v 0.342573 0.646249 0.026360
vt 0.920689 0.438121
vn -0.291998 -0.578293 0.761784
v 0.308128 0.688555 0.021890
vt 0.911515 0.443873
vn -0.118324 0.573693 0.810479
v 0.342573 0.691503 0.026360
vt 0.920689 0.443873
vn -0.155201 0.651370 0.742718
v 0.310420 0.697695 -0.002517
vt 0.911515 0.450149
vn -0.092306 0.995649 -0.012714
v 0.342573 0.699843 -0.002510
vt 0.920689 0.450149
vn -0.008503 0.999928 -0.008425
v 0.192452 0.676530 -0.021783
vt 0.875884 0.456881
vn -0.086143 0.493967 -0.865203
v 0.310420 0.688726 -0.027215
vt 0.911515 0.456881
vn -0.118544 0.586102 -0.801518
v 0.342573 0.691596 -0.031522
vt 0.920689 0.456881
vn -0.107846 0.626803 -0.771678
v 0.310420 0.647422 -0.027215
vt 0.911515 0.463997
vn -0.096777 -0.552086 -0.828152
v 0.342573 0.646156 -0.031522
vt 0.920689 0.463997
vn -0.022390 -0.610484 -0.791712
v 0.310420 0.636640 -0.002517
vt 0.911515 0.473229
vn -0.056209 -0.998310 0.014766
v 0.342573 0.635663 -0.002510
vt 0.920689 0.473229
vn 0.067569 -0.996564 -0.047902
v 0.386296 0.659087 -0.039024
vt 0.948014 0.482358
vn 0.121565 -0.593117 -0.795886
v 0.386266 0.685695 -0.039004
vt 0.949673 0.475443
vn -0.013425 0.557292 -0.830208
v 0.342573 0.646156 -0.031522
vt 0.935465 0.482741
vn -0.022390 -0.610484 -0.791712
v 0.342573 0.691596 -0.031522
vt 0.938638 0.470738
vn -0.107846 0.626803 -0.771678
v 0.409550 0.683767 -0.039939
vt 0.955649 0.477294
vn 0.124309 0.616034 -0.777849
v 0.409669 0.667704 -0.039910
vt 0.954695 0.481526
vn 0.293264 -0.630135 -0.718976
v 0.409783 0.687330 -0.025471
vt 0.956654 0.473357
vn 0.216424 0.946200 -0.240554
v 0.386392 0.692013 -0.022885
vt 0.950654 0.470941
vn 0.120605 0.965645 -0.230182
v 0.342573 0.699843 -0.002510
vt 0.940345 0.462714
vn -0.008503 0.999928 -0.008425
v 0.410149 0.689910 -0.005635
vt 0.958064 0.468097
vn 0.183900 0.980787 -0.065097
v 0.386516 0.693248 -0.004478
vt 0.951885 0.466140
vn 0.144626 0.988614 -0.041534
v 0.410149 0.689910 0.014785
vt 0.959470 0.462732
vn 0.176291 0.984312 0.007217
v 0.386555 0.693648 0.014674
vt 0.953180 0.461103
vn 0.089494 0.992010 0.088923
v 0.410016 0.689712 0.033764
vt 0.960760 0.457753
vn 0.123387 0.688680 0.714490
v 0.342573 0.691503 0.026360
vt 0.942487 0.454860
vn -0.155201 0.651370 0.742718
v 0.386531 0.690067 0.032837
vt 0.954541 0.456231
vn 0.008487 0.717488 0.696520
v 0.393397 0.662601 0.035484
vt 0.958352 0.449500
vn 0.932300 0.058977 0.356846
v 0.410200 0.668318 0.033724
vt 0.962340 0.452198
vn 0.334861 -0.612435 0.716094
v 0.384811 0.674965 0.038680
vt 0.954885 0.451800
vn 0.346651 0.441321 0.827689
v 0.379740 0.667385 0.045027
vt 0.954102 0.448884
vn -0.235918 0.349585 0.906716
v 0.342573 0.646249 0.026360
vt 0.943106 0.442580
vn -0.291998 -0.578293 0.761784
v 0.375972 0.643155 0.044258
vt 0.953430 0.442253
vn -0.382317 -0.578954 0.720171
v 0.342573 0.635663 -0.002510
vt 0.939407 0.435089
vn 0.067569 -0.996564 -0.047902
v 0.383478 0.638570 0.027130
vt 0.953016 0.437038
vn 0.405576 -0.887189 -0.220008
v 0.383810 0.644946 0.018142
vt 0.952236 0.434138
vn 0.701972 -0.565438 -0.433030
v 0.393397 0.662601 0.035484
vt 0.959470 0.433460
vn 0.932300 0.058977 0.356846
v 0.386608 0.653557 0.012617
vt 0.952695 0.431163
vn 0.603187 -0.780520 -0.164177
v 0.410200 0.668318 0.033724
vt 0.962230 0.429758
vn 0.334861 -0.612435 0.716094
v 0.410241 0.668098 0.014805
vt 0.958781 0.426328
vn 0.442495 -0.896630 0.015900
v 0.410241 0.668098 -0.005654
vt 0.955341 0.422347
vn 0.435832 -0.899374 -0.034292
v 0.386580 0.654929 -0.004474
vt 0.949870 0.427175
vn 0.443795 -0.894943 -0.046087
v 0.409935 0.668643 -0.025466
vt 0.952142 0.418253
vn 0.450562 -0.892669 0.011681
v 0.386464 0.655192 -0.021875
vt 0.947035 0.423367
vn 0.400570 -0.910371 -0.103769
v 0.409669 0.667704 -0.039910
vt 0.949698 0.415337
vn 0.293264 -0.630135 -0.718976
v 0.386296 0.659087 -0.039024
vt 0.944568 0.419382
vn 0.121565 -0.593117 -0.795886
v 0.342573 0.646156 -0.031522
vt 0.935465 0.427806
vn -0.022390 -0.610484 -0.791712
v 0.445084 0.684547 -0.011108
vt 0.975964 0.476319
vn 0.226783 0.692637 0.684707
v 0.456784 0.679267 -0.013069
vt 0.979008 0.477818
vn 0.654795 -0.541230 0.527554
v 0.444151 0.677593 -0.010912
vt 0.976865 0.474711
vn 0.236656 -0.690012 0.684015
v 0.456784 0.683139 -0.018244
vt 0.979091 0.478314
vn 0.651394 0.545626 -0.527235
v 0.456784 0.679267 -0.018244
vt 0.979299 0.478096
vn 0.654818 -0.541255 -0.527500
v 0.456784 0.683139 -0.013069
vt 0.978800 0.478036
vn 0.651322 0.545606 0.527346
v 0.445084 0.684547 -0.020205
vt 0.975444 0.478440
vn 0.226702 0.692736 -0.684634
v 0.456784 0.683139 -0.018244
vt 0.978683 0.478415
vn 0.651394 0.545626 -0.527235
v 0.456784 0.679267 -0.018244
vt 0.978748 0.478703
vn 0.654818 -0.541255 -0.527500
v 0.443218 0.684839 -0.010717
vt 0.975526 0.476098
vn 0.250797 0.688573 0.680417
v 0.444151 0.677593 -0.020400
vt 0.975490 0.480129
vn 0.236684 -0.690044 -0.683974
v 0.456784 0.679267 -0.013069
vt 0.979008 0.479007
vn 0.654795 -0.541230 0.527554
v 0.443218 0.684839 -0.020596
vt 0.974977 0.478438
vn 0.250715 0.688724 -0.680296
v 0.444151 0.677593 -0.010912
vt 0.976916 0.482163
vn 0.236656 -0.690012 0.684015
v 0.432467 0.686496 -0.022885
vt 0.972311 0.478437
vn 0.250717 0.687248 -0.681786
v 0.432467 0.686496 -0.008427
vt 0.972990 0.474931
vn 0.250799 0.687196 0.681808
v 0.431239 0.675486 -0.008170
vt 0.974156 0.472309
vn 0.278983 -0.645735 0.710770
v 0.431239 0.675486 -0.023142
vt 0.972301 0.481238
vn 0.270311 -0.647245 -0.712745
v 0.431239 0.675486 -0.008170
vt 0.974276 0.484634
vn 0.278983 -0.645735 0.710770
v 0.409935 0.668643 -0.025466
vt 0.966842 0.483410
vn 0.450562 -0.892669 0.011681
v 0.410241 0.668098 -0.005654
vt 0.969377 0.488041
vn 0.435832 -0.899374 -0.034292
v 0.409783 0.687330 -0.025471
vt 0.966527 0.478384
vn 0.216424 0.946200 -0.240554
v 0.430010 0.686881 -0.023399
vt 0.971689 0.478427
vn 0.161008 0.701282 -0.694464
v 0.430010 0.686881 -0.007913
vt 0.972399 0.474690
vn 0.189168 0.696359 0.692315
v 0.410149 0.689910 -0.005635
vt 0.967477 0.473049
vn 0.183900 0.980787 -0.065097
v 0.410241 0.668098 -0.005654
vt 0.970167 0.468013
vn 0.435832 -0.899374 -0.034292
v 0.453919 0.684547 0.008817
vt 0.980507 0.452160
vn 0.204175 0.695234 0.689174
v 0.467031 0.679322 0.006781
vt 0.983757 0.453722
vn 0.648960 -0.544419 0.531469
v 0.452854 0.677593 0.009012
vt 0.981303 0.450551
vn 0.212785 -0.692712 0.689111
v 0.467031 0.683084 0.001754
vt 0.983855 0.454197
vn 0.646127 0.548031 -0.531208
v 0.467031 0.679322 0.001754
vt 0.984047 0.453979
vn 0.648935 -0.544394 -0.531524
v 0.467031 0.683084 0.006781
vt 0.983564 0.453939
vn 0.646103 0.548007 0.531262
v 0.453919 0.684547 -0.000281
vt 0.979983 0.454227
vn 0.204095 0.695282 -0.689150
v 0.467031 0.683084 0.001754
vt 0.983451 0.454305
vn 0.646127 0.548031 -0.531208
v 0.467031 0.679322 0.001754
vt 0.983500 0.454587
vn 0.648935 -0.544394 -0.531524
v 0.451789 0.684839 0.009207
vt 0.980021 0.451925
vn 0.218261 0.693756 0.686342
v 0.452854 0.677593 -0.000476
vt 0.979921 0.455885
vn 0.212758 -0.692679 -0.689151
v 0.467031 0.679322 0.006781
vt 0.983722 0.454902
vn 0.648960 -0.544419 0.531469
v 0.451789 0.684839 -0.000672
vt 0.979466 0.454209
vn 0.218341 0.693853 -0.686218
v 0.452854 0.677593 0.009012
vt 0.981125 0.457968
vn 0.212785 -0.692712 0.689111
v 0.437941 0.686626 -0.003225
vt 0.976090 0.454116
vn 0.218936 0.691645 -0.688254
v 0.437941 0.686626 0.011761
vt 0.976838 0.450525
vn 0.218855 0.691549 0.688377
v 0.436487 0.675214 0.012027
vt 0.977880 0.447812
vn 0.240589 -0.660605 0.711139
v 0.436487 0.675214 -0.003492
vt 0.975946 0.456990
vn 0.231291 -0.659416 -0.715315
v 0.436487 0.675214 0.012027
vt 0.977605 0.460564
vn 0.240589 -0.660605 0.711139
v 0.410241 0.668098 -0.005654
vt 0.969389 0.459163
vn 0.435832 -0.899374 -0.034292
v 0.410241 0.668098 0.014805
vt 0.971473 0.463990
vn 0.442495 -0.896630 0.015900
v 0.410149 0.689910 -0.005635
vt 0.969107 0.453507
vn 0.183900 0.980787 -0.065097
v 0.435034 0.687025 -0.003758
vt 0.975359 0.454085
vn 0.171403 0.684325 -0.708746
v 0.435034 0.687025 0.012294
vt 0.976154 0.450259
vn 0.181161 0.686961 0.703751
v 0.410149 0.689910 0.014785
vt 0.970188 0.448253
vn 0.176291 0.984312 0.007217
v 0.410241 0.668098 0.014805
vt 0.972619 0.443265
vn 0.442495 -0.896630 0.015900
v 0.445084 0.684547 0.028062
vt 0.978233 0.424930
vn 0.236873 0.690367 0.683582
v 0.456784 0.679433 0.025879
vt 0.981883 0.426235
vn 0.662492 -0.537650 0.521571
v 0.444151 0.677594 0.028258
vt 0.979067 0.423016
vn 0.245107 -0.688564 0.682497
v 0.456784 0.682973 0.021148
vt 0.982041 0.426787
vn 0.659562 0.541558 -0.521242
v 0.456784 0.679433 0.021148
vt 0.982249 0.426514
vn 0.662469 -0.537626 -0.521626
v 0.456784 0.682973 0.025879
vt 0.981675 0.426509
vn 0.659491 0.541486 0.521406
v 0.445084 0.684547 0.018965
vt 0.977913 0.427434
vn 0.236955 0.690463 -0.683457
v 0.456784 0.682973 0.021148
vt 0.981595 0.426956
vn 0.659562 0.541558 -0.521242
v 0.456784 0.679433 0.021148
vt 0.981709 0.427274
vn 0.662469 -0.537626 -0.521626
v 0.443218 0.684839 0.028453
vt 0.977706 0.424731
vn 0.250578 0.688564 0.680507
v 0.431239 0.675487 0.031000
vt 0.975758 0.420556
vn 0.287911 -0.642737 0.709927
v 0.443218 0.684839 0.018574
vt 0.977374 0.427498
vn 0.250605 0.688596 -0.680465
v 0.444151 0.677594 0.018769
vt 0.978225 0.429353
vn 0.245080 -0.688483 -0.682589
v 0.456784 0.679433 0.025879
vt 0.982046 0.427582
vn 0.662492 -0.537650 0.521571
v 0.444151 0.677594 0.028258
vt 0.980141 0.431457
vn 0.245107 -0.688564 0.682497
v 0.431239 0.675487 0.016027
vt 0.974743 0.431082
vn 0.261701 -0.639729 -0.722675
v 0.431239 0.675487 0.031000
vt 0.977523 0.434669
vn 0.287911 -0.642737 0.709927
v 0.410241 0.668098 0.014805
vt 0.968993 0.434742
vn 0.442495 -0.896630 0.015900
v 0.410200 0.668318 0.033724
vt 0.972491 0.439448
vn 0.334861 -0.612435 0.716094
v 0.432467 0.686497 0.016285
vt 0.974273 0.427863
vn 0.250827 0.687129 -0.681865
v 0.430010 0.686882 0.015770
vt 0.973541 0.427944
vn 0.190018 0.674212 -0.713675
v 0.410149 0.689910 0.014785
vt 0.967536 0.427977
vn 0.176291 0.984312 0.007217
v 0.432467 0.686497 0.030742
vt 0.974651 0.423705
vn 0.250800 0.687097 0.681907
v 0.430010 0.686882 0.031257
vt 0.973937 0.423487
vn 0.216795 0.681485 0.698984
v 0.410016 0.689712 0.033764
vt 0.967978 0.422086
vn 0.123387 0.688680 0.714490
v 0.410200 0.668318 0.033724
vt 0.970608 0.415918
vn 0.334861 -0.612435 0.716094
v 0.433197 0.680313 -0.029119
vt 0.964429 0.491355
vn 0.253591 0.689267 0.678677
v 0.441390 0.676348 -0.030592
vt 0.967180 0.492725
vn 0.660485 -0.538127 0.523621
v 0.432592 0.675092 -0.028973
vt 0.965382 0.489879
vn 0.259587 -0.686404 0.679311
v 0.441390 0.679256 -0.034478
vt 0.967248 0.493201
vn 0.656528 0.543101 -0.523461
v 0.441390 0.676348 -0.034478
vt 0.967452 0.492997
vn 0.660461 -0.538103 -0.523676
v 0.441390 0.679256 -0.030592
vt 0.966977 0.492929
vn 0.656457 0.543081 0.523572
v 0.433197 0.680313 -0.035950
vt 0.963949 0.493422
vn 0.253509 0.689319 -0.678655
v 0.441390 0.679256 -0.034478
vt 0.966871 0.493292
vn 0.656528 0.543101 -0.523461
v 0.441390 0.676348 -0.034478
vt 0.966948 0.493564
vn 0.660461 -0.538103 -0.523676
v 0.431988 0.680532 -0.028826
vt 0.964064 0.491161
vn 0.281050 0.683165 0.674016
v 0.432592 0.675092 -0.036097
vt 0.964117 0.495044
vn 0.259560 -0.686422 -0.679304
v 0.441390 0.676348 -0.030592
vt 0.967221 0.493831
vn 0.660485 -0.538127 0.523621
v 0.431988 0.680532 -0.036244
vt 0.963553 0.493435
vn 0.281022 0.683232 -0.673958
v 0.432592 0.675092 -0.028973
vt 0.965676 0.496825
vn 0.259587 -0.686404 0.679311
v 0.424717 0.681777 -0.037963
vt 0.961167 0.493533
vn 0.282636 0.682129 -0.674401
v 0.424717 0.681777 -0.027107
vt 0.961844 0.490026
vn 0.282609 0.682098 0.674444
v 0.423922 0.673510 -0.026914
vt 0.963274 0.487624
vn 0.295631 -0.629460 0.718598
v 0.423922 0.673510 -0.038156
vt 0.961423 0.496274
vn 0.312571 -0.626151 -0.714307
v 0.423922 0.673510 -0.026914
vt 0.963776 0.499238
vn 0.295631 -0.629460 0.718598
v 0.409669 0.667704 -0.039910
vt 0.956962 0.498943
vn 0.293264 -0.630135 -0.718976
v 0.409935 0.668643 -0.025466
vt 0.960113 0.502697
vn 0.450562 -0.892669 0.011681
v 0.409550 0.683767 -0.039939
vt 0.956122 0.493560
vn 0.124309 0.616034 -0.777849
v 0.423126 0.682066 -0.038349
vt 0.960632 0.493549
vn 0.220536 0.681187 -0.698104
v 0.423126 0.682066 -0.026721
vt 0.961340 0.489787
vn 0.256591 0.659838 0.706239
v 0.409783 0.687330 -0.025471
vt 0.956632 0.488546
vn 0.216424 0.946200 -0.240554
v 0.409935 0.668643 -0.025466
vt 0.960415 0.483481
vn 0.450562 -0.892669 0.011681
v 0.400794 0.640470 0.052039
vt 0.957298 0.402197
vn -0.157028 -0.714034 0.682273
v 0.418050 0.640461 0.050090
vt 0.961888 0.402067
vn 0.712458 -0.629099 -0.310868
v 0.402682 0.640457 0.041818
vt 0.957169 0.399455
vn 0.402468 -0.728403 -0.554480
v 0.416009 0.640461 0.055699
vt 0.961770 0.402459
vn 0.334356 -0.626514 0.704050
v 0.419455 0.649599 0.050601
vt 0.962495 0.402250
vn 0.888027 0.385215 -0.251034
v 0.417413 0.649599 0.056210
vt 0.962377 0.402642
vn 0.506819 0.385349 0.771129
v 0.417413 0.649599 0.056210
vt 0.961959 0.403070
vn 0.506819 0.385349 0.771129
v 0.397411 0.640445 0.051266
vt 0.956427 0.402238
vn -0.186900 -0.697695 0.691586
v 0.403154 0.655833 0.052898
vt 0.958181 0.405748
vn 0.095076 0.634974 0.766660
v 0.383478 0.638570 0.027130
vt 0.950559 0.397554
vn 0.405576 -0.887189 -0.220008
v 0.419455 0.649599 0.050601
vt 0.962263 0.403346
vn 0.888027 0.385215 -0.251034
v 0.380459 0.642705 0.046212
vt 0.951922 0.402978
vn -0.342097 -0.591707 0.729967
v 0.375972 0.643155 0.044258
vt 0.950559 0.403098
vn -0.382317 -0.578954 0.720171
v 0.399973 0.657126 0.052199
vt 0.957431 0.406215
vn 0.065393 0.619383 0.782361
v 0.384009 0.665228 0.046877
vt 0.953350 0.409206
vn 0.049093 0.447989 0.892690
v 0.379740 0.667385 0.045027
vt 0.952049 0.409889
vn -0.235918 0.349585 0.906716
v 0.384811 0.674965 0.038680
vt 0.953128 0.412862
vn 0.346651 0.441321 0.827689
v 0.393397 0.662601 0.035484
vt 0.957189 0.411226
vn 0.932300 0.058977 0.356846
v 0.405143 0.656479 0.042714
vt 0.959597 0.407900
vn 0.618117 0.624311 -0.477669
v 0.383478 0.638570 0.027130
vt 0.963641 0.415848
vn 0.405576 -0.887189 -0.220008
v 0.402682 0.640457 0.041818
vt 0.963922 0.408811
vn 0.402468 -0.728403 -0.554480
v 0.418050 0.640461 0.050090
vt 0.962911 0.403447
vn 0.712458 -0.629099 -0.310868
v -0.169800 0.645869 -0.002762
vt 0.763194 0.473229
vn 0.063178 -0.997620 -0.027619
v -0.055864 0.658122 -0.014454
vt 0.803043 0.463997
vn -0.119759 -0.475945 -0.871283
v -0.169800 0.655703 -0.019795
vt 0.763194 0.463997
vn 0.078464 -0.496794 -0.864315
v -0.061001 0.649058 0.003341
vt 0.803043 0.473229
vn -0.154437 -0.987944 0.010751
v -0.045591 0.676249 -0.014454
vt 0.803043 0.456881
vn -0.123600 0.567154 -0.814285
v -0.192452 0.643175 -0.002525
vt 0.756199 0.473229
vn 0.086883 -0.996090 0.016015
v -0.169800 0.675372 -0.019795
vt 0.763194 0.456881
vn 0.070123 0.496013 -0.865479
v -0.040454 0.685313 0.003341
vt 0.803043 0.450149
vn -0.140040 0.989831 0.024970
v -0.192452 0.654294 -0.021783
vt 0.756199 0.463997
vn 0.086975 -0.495404 -0.864297
v -0.310420 0.647422 -0.027215
vt 0.720569 0.463997
vn 0.096779 -0.552138 -0.828117
v -0.310420 0.636640 -0.002517
vt 0.720569 0.473229
vn 0.056177 -0.998311 0.014799
v -0.342573 0.646156 -0.031522
vt 0.711394 0.463997
vn 0.022390 -0.610532 -0.791675
v -0.342573 0.635663 -0.002510
vt 0.711394 0.473229
vn -0.067571 -0.996562 -0.047938
v -0.342573 0.691595 -0.031522
vt 0.711394 0.456881
vn 0.107847 0.626853 -0.771637
v -0.310420 0.688726 -0.027215
vt 0.720569 0.456881
vn 0.118545 0.586154 -0.801480
v -0.342573 0.699843 -0.002510
vt 0.711394 0.450149
vn 0.008503 0.999929 -0.008394
v -0.192452 0.676530 -0.021783
vt 0.756199 0.456881
vn 0.086145 0.494019 -0.865173
v -0.310420 0.697695 -0.002517
vt 0.720569 0.450149
vn 0.092303 0.995650 -0.012680
v -0.342573 0.691503 0.026360
vt 0.711394 0.443873
vn 0.155149 0.651352 0.742744
v -0.192452 0.687648 -0.002525
vt 0.756199 0.450149
vn 0.105901 0.994344 -0.008067
v -0.308128 0.688555 0.021890
vt 0.720569 0.443873
vn 0.118275 0.573675 0.810499
v -0.342573 0.646249 0.026360
vt 0.711394 0.438121
vn 0.291941 -0.578279 0.761816
v -0.169800 0.685207 -0.002762
vt 0.763194 0.450149
vn 0.044606 0.998555 -0.029983
v -0.045591 0.676249 0.021135
vt 0.803043 0.443873
vn -0.062304 0.538874 0.840079
v -0.180548 0.675946 0.015493
vt 0.759062 0.443873
vn 0.036969 0.505501 0.862033
v -0.055864 0.658122 0.021135
vt 0.803043 0.438121
vn -0.120642 -0.448408 0.885650
v -0.308128 0.647613 0.021890
vt 0.720569 0.438121
vn 0.092174 -0.558737 0.824207
v -0.342573 0.635663 -0.002510
vt 0.711394 0.431882
vn -0.067571 -0.996562 -0.047938
v -0.310420 0.636640 -0.002517
vt 0.720569 0.431882
vn 0.056177 -0.998311 0.014799
v -0.180548 0.655004 0.015493
vt 0.759062 0.438121
vn 0.032068 -0.510792 0.859106
v -0.192452 0.643175 -0.002525
vt 0.756199 0.431882
vn 0.086883 -0.996090 0.016015
v -0.061001 0.649058 0.003341
vt 0.803043 0.431882
vn -0.154437 -0.987944 0.010751
v -0.169800 0.645869 -0.002762
vt 0.763194 0.431882
vn 0.063178 -0.997620 -0.027619
v -0.342573 0.646156 -0.031522
vt 0.696619 0.482741
vn 0.022390 -0.610532 -0.791675
v -0.386266 0.685695 -0.039005
vt 0.682410 0.475443
vn 0.013425 0.557341 -0.830175
v -0.386296 0.659086 -0.039024
vt 0.684069 0.482358
vn -0.121563 -0.593065 -0.795925
v -0.342573 0.691595 -0.031522
vt 0.693446 0.470738
vn 0.107847 0.626853 -0.771637
v -0.409550 0.683767 -0.039939
vt 0.676434 0.477294
vn -0.124308 0.615983 -0.777890
v -0.409669 0.667704 -0.039910
vt 0.677389 0.481526
vn -0.293263 -0.630082 -0.719023
v -0.409783 0.687329 -0.025471
vt 0.675429 0.473357
vn -0.216430 0.946186 -0.240604
v -0.386392 0.692013 -0.022885
vt 0.681429 0.470941
vn -0.120609 0.965633 -0.230229
v -0.342573 0.699843 -0.002510
vt 0.691738 0.462714
vn 0.008503 0.999929 -0.008394
v -0.410149 0.689910 -0.005635
vt 0.674020 0.468097
vn -0.183900 0.980787 -0.065097
v -0.386516 0.693248 -0.004478
vt 0.680198 0.466140
vn -0.144631 0.988612 -0.041572
v -0.410149 0.689910 0.014785
vt 0.672613 0.462732
vn -0.176326 0.984306 0.007181
v -0.386555 0.693647 0.014674
vt 0.678903 0.461103
vn -0.089530 0.992010 0.088887
v -0.410016 0.689712 0.033764
vt 0.671323 0.457753
vn -0.123437 0.688699 0.714463
v -0.342573 0.691503 0.026360
vt 0.689597 0.454860
vn 0.155149 0.651352 0.742744
v -0.386531 0.690066 0.032837
vt 0.677543 0.456231
vn -0.008531 0.717552 0.696453
v -0.393397 0.662601 0.035484
vt 0.673732 0.449500
vn -0.932319 0.058976 0.356796
v -0.410200 0.668318 0.033724
vt 0.669743 0.452198
vn -0.334918 -0.612447 0.716057
v -0.384811 0.674965 0.038680
vt 0.677198 0.451800
vn -0.346709 0.441331 0.827659
v -0.379740 0.667385 0.045027
vt 0.677981 0.448884
vn 0.235865 0.349574 0.906734
v -0.342573 0.646249 0.026360
vt 0.688978 0.442580
vn 0.291941 -0.578279 0.761816
v -0.375972 0.643155 0.044258
vt 0.678654 0.442253
vn 0.382257 -0.578888 0.720256
v -0.342573 0.635663 -0.002510
vt 0.692676 0.435089
vn -0.067571 -0.996562 -0.047938
v -0.383479 0.638570 0.027130
vt 0.679067 0.437038
vn -0.405589 -0.887170 -0.220061
v -0.383810 0.644946 0.018142
vt 0.679847 0.434138
vn -0.701977 -0.565390 -0.433085
v -0.393397 0.662601 0.035484
vt 0.672613 0.433460
vn -0.932319 0.058976 0.356796
v -0.386608 0.653557 0.012617
vt 0.679389 0.431163
vn -0.603205 -0.780495 -0.164229
v -0.410200 0.668318 0.033724
vt 0.669853 0.429758
vn -0.334918 -0.612447 0.716057
v -0.410241 0.668097 0.014805
vt 0.673303 0.426328
vn -0.442528 -0.896614 0.015858
v -0.410241 0.668097 -0.005654
vt 0.676742 0.422347
vn -0.435848 -0.899365 -0.034335
v -0.386580 0.654929 -0.004474
vt 0.682213 0.427175
vn -0.443810 -0.894932 -0.046131
v -0.409935 0.668643 -0.025466
vt 0.679941 0.418253
vn -0.450595 -0.892652 0.011640
v -0.386464 0.655192 -0.021875
vt 0.685048 0.423367
vn -0.400584 -0.910360 -0.103816
v -0.409669 0.667704 -0.039910
vt 0.682386 0.415337
vn -0.293263 -0.630082 -0.719023
v -0.386296 0.659086 -0.039024
vt 0.687515 0.419382
vn -0.121563 -0.593065 -0.795925
v -0.342573 0.646156 -0.031522
vt 0.696619 0.427806
vn 0.022390 -0.610532 -0.791675
v -0.444151 0.677593 -0.010912
vt 0.655218 0.474711
vn -0.236711 -0.690027 0.683981
v -0.456784 0.679267 -0.013069
vt 0.653075 0.477818
vn -0.654843 -0.541227 0.527498
v -0.445084 0.684547 -0.011108
vt 0.656120 0.476319
vn -0.226729 0.692670 0.684691
v -0.456784 0.679267 -0.018244
vt 0.652784 0.478096
vn -0.654819 -0.541203 -0.527553
v -0.456784 0.683139 -0.018244
vt 0.652992 0.478314
vn -0.651395 0.545574 -0.527289
v -0.456784 0.683139 -0.013069
vt 0.653283 0.478036
vn -0.651371 0.545602 0.527290
v -0.445084 0.684547 -0.020205
vt 0.656639 0.478440
vn -0.226702 0.692687 -0.684683
v -0.456784 0.683139 -0.018244
vt 0.653400 0.478415
vn -0.651395 0.545574 -0.527289
v -0.456784 0.679267 -0.018244
vt 0.653335 0.478703
vn -0.654819 -0.541203 -0.527553
v -0.443218 0.684839 -0.010717
vt 0.656557 0.476098
vn -0.250687 0.688643 0.680388
v -0.444151 0.677593 -0.020400
vt 0.656593 0.480129
vn -0.236684 -0.689995 -0.684023
v -0.456784 0.679267 -0.013069
vt 0.653076 0.479007
vn -0.654843 -0.541227 0.527498
v -0.443218 0.684839 -0.020596
vt 0.657106 0.478438
vn -0.250715 0.688674 -0.680345
v -0.444151 0.677593 -0.010912
vt 0.655167 0.482163
vn -0.236711 -0.690027 0.683981
v -0.432467 0.686496 -0.022885
vt 0.659772 0.478437
vn -0.250717 0.687198 -0.681835
v -0.432467 0.686496 -0.008427
vt 0.659093 0.474931
vn -0.250745 0.687181 0.681843
v -0.431239 0.675486 -0.008170
vt 0.657927 0.472309
vn -0.279039 -0.645749 0.710736
v -0.431239 0.675486 -0.023142
vt 0.659783 0.481238
vn -0.270310 -0.647193 -0.712793
v -0.431239 0.675486 -0.008170
vt 0.657808 0.484634
vn -0.279039 -0.645749 0.710736
v -0.409935 0.668643 -0.025466
vt 0.665241 0.483410
vn -0.450595 -0.892652 0.011640
v -0.410241 0.668097 -0.005654
vt 0.662706 0.488041
vn -0.435848 -0.899365 -0.034335
v -0.409783 0.687329 -0.025471
vt 0.665556 0.478384
vn -0.216430 0.946186 -0.240604
v -0.430010 0.686881 -0.023399
vt 0.660394 0.478427
vn -0.161008 0.701234 -0.694512
v -0.430010 0.686881 -0.007913
vt 0.659684 0.474690
vn -0.189115 0.696390 0.692298
v -0.410149 0.689910 -0.005635
vt 0.664606 0.473049
vn -0.183900 0.980787 -0.065097
v -0.410241 0.668097 -0.005654
vt 0.661917 0.468013
vn -0.435848 -0.899365 -0.034335
v -0.452854 0.677593 0.009012
vt 0.650781 0.450551
vn -0.212838 -0.692728 0.689078
v -0.467031 0.679322 0.006781
vt 0.648326 0.453722
vn -0.649008 -0.544415 0.531414
v -0.453919 0.684547 0.008817
vt 0.651576 0.452160
vn -0.204229 0.695251 0.689142
v -0.467031 0.679322 0.001754
vt 0.648036 0.453979
vn -0.648936 -0.544342 -0.531577
v -0.467031 0.683084 0.001754
vt 0.648229 0.454197
vn -0.646128 0.547979 -0.531261
v -0.467031 0.683084 0.006781
vt 0.648519 0.453939
vn -0.646152 0.548003 0.531206
v -0.453919 0.684547 -0.000281
vt 0.652100 0.454227
vn -0.204096 0.695234 -0.689199
v -0.467031 0.683084 0.001754
vt 0.648632 0.454305
vn -0.646128 0.547979 -0.531261
v -0.467031 0.679322 0.001754
vt 0.648583 0.454587
vn -0.648936 -0.544342 -0.531577
v -0.451789 0.684839 0.009207
vt 0.652062 0.451925
vn -0.218314 0.693772 0.686308
v -0.452854 0.677593 -0.000476
vt 0.652162 0.455885
vn -0.212758 -0.692631 -0.689200
v -0.467031 0.679322 0.006781
vt 0.648361 0.454902
vn -0.649008 -0.544415 0.531414
v -0.451789 0.684839 -0.000672
vt 0.652618 0.454209
vn -0.218341 0.693804 -0.686268
v -0.452854 0.677593 0.009012
vt 0.650958 0.457968
vn -0.212838 -0.692728 0.689078
v -0.437941 0.686626 -0.003225
vt 0.655993 0.454116
vn -0.218936 0.691597 -0.688303
v -0.437941 0.686626 0.011761
vt 0.655245 0.450525
vn -0.218909 0.691564 0.688344
v -0.436487 0.675214 0.012027
vt 0.654203 0.447812
vn -0.240644 -0.660620 0.711106
v -0.436487 0.675214 -0.003492
vt 0.656138 0.456990
vn -0.231290 -0.659365 -0.715362
v -0.436487 0.675214 0.012027
vt 0.654478 0.460564
vn -0.240644 -0.660620 0.711106
v -0.410241 0.668097 -0.005654
vt 0.662695 0.459163
vn -0.435848 -0.899365 -0.034335
v -0.410241 0.668097 0.014805
vt 0.660610 0.463990
vn -0.442528 -0.896614 0.015858
v -0.410149 0.689910 -0.005635
vt 0.662977 0.453507
vn -0.183900 0.980787 -0.065097
v -0.435034 0.687025 -0.003758
vt 0.656724 0.454085
vn -0.171403 0.684276 -0.708793
v -0.435034 0.687025 0.012294
vt 0.655929 0.450259
vn -0.181213 0.686978 0.703720
v -0.410149 0.689910 0.014785
vt 0.661895 0.448253
vn -0.176326 0.984306 0.007181
v -0.410241 0.668097 0.014805
vt 0.659464 0.443265
vn -0.442528 -0.896614 0.015858
v -0.444151 0.677593 0.028258
vt 0.653016 0.423016
vn -0.245162 -0.688579 0.682463
v -0.456784 0.679433 0.025879
vt 0.650200 0.426235
vn -0.662540 -0.537646 0.521515
v -0.445084 0.684547 0.028062
vt 0.653850 0.424930
vn -0.236928 0.690382 0.683548
v -0.456784 0.679433 0.021148
vt 0.649834 0.426514
vn -0.662469 -0.537573 -0.521679
v -0.456784 0.682973 0.021148
vt 0.650043 0.426787
vn -0.659516 0.541458 -0.521405
v -0.456784 0.682973 0.025879
vt 0.650408 0.426509
vn -0.659539 0.541482 0.521350
v -0.443218 0.684839 0.028453
vt 0.654377 0.424731
vn -0.250633 0.688579 0.680472
v -0.431239 0.675486 0.030999
vt 0.656326 0.420556
vn -0.287967 -0.642750 0.709892
v -0.445084 0.684547 0.018965
vt 0.654171 0.427434
vn -0.236955 0.690414 -0.683507
v -0.456784 0.682973 0.021148
vt 0.650488 0.426956
vn -0.659516 0.541458 -0.521405
v -0.456784 0.679433 0.021148
vt 0.650374 0.427274
vn -0.662469 -0.537573 -0.521679
v -0.443218 0.684839 0.018574
vt 0.654709 0.427498
vn -0.250605 0.688547 -0.680515
v -0.444151 0.677593 0.018769
vt 0.653859 0.429353
vn -0.245080 -0.688434 -0.682638
v -0.456784 0.679433 0.025879
vt 0.650037 0.427582
vn -0.662540 -0.537646 0.521515
v -0.444151 0.677593 0.028258
vt 0.651943 0.431457
vn -0.245162 -0.688579 0.682463
v -0.431239 0.675486 0.016027
vt 0.657340 0.431082
vn -0.261699 -0.639677 -0.722722
v -0.431239 0.675486 0.030999
vt 0.654560 0.434669
vn -0.287967 -0.642750 0.709892
v -0.410241 0.668097 0.014805
vt 0.663091 0.434742
vn -0.442528 -0.896614 0.015858
v -0.410200 0.668318 0.033724
vt 0.659592 0.439448
vn -0.334918 -0.612447 0.716057
v -0.430010 0.686881 0.015770
vt 0.658542 0.427944
vn -0.190017 0.674163 -0.713721
v -0.410149 0.689910 0.014785
vt 0.664548 0.427977
vn -0.176326 0.984306 0.007181
v -0.432467 0.686496 0.016285
vt 0.657810 0.427863
vn -0.250827 0.687080 -0.681914
v -0.430010 0.686881 0.031257
vt 0.658147 0.423487
vn -0.216849 0.681501 0.698952
v -0.432467 0.686497 0.030742
vt 0.657432 0.423705
vn -0.250854 0.687112 0.681872
v -0.410016 0.689712 0.033764
vt 0.664105 0.422086
vn -0.123437 0.688699 0.714463
v -0.410200 0.668318 0.033724
vt 0.661475 0.415918
vn -0.334918 -0.612447 0.716057
v -0.432593 0.675092 -0.028973
vt 0.666702 0.489879
vn -0.259642 -0.686418 0.679276
v -0.441390 0.676348 -0.030592
vt 0.664903 0.492725
vn -0.660533 -0.538123 0.523565
v -0.433197 0.680313 -0.029119
vt 0.667654 0.491355
vn -0.253591 0.689267 0.678677
v -0.441390 0.676348 -0.034478
vt 0.664631 0.492997
vn -0.660462 -0.538051 -0.523728
v -0.441390 0.679256 -0.034478
vt 0.664835 0.493201
vn -0.656529 0.543050 -0.523514
v -0.441390 0.679256 -0.030592
vt 0.665106 0.492929
vn -0.656505 0.543077 0.523516
v -0.433197 0.680313 -0.035950
vt 0.668135 0.493422
vn -0.253619 0.689250 -0.678684
v -0.441390 0.679256 -0.034478
vt 0.665212 0.493292
vn -0.656529 0.543050 -0.523514
v -0.441390 0.676348 -0.034478
vt 0.665136 0.493564
vn -0.660462 -0.538051 -0.523728
v -0.431988 0.680532 -0.028826
vt 0.668019 0.491161
vn -0.281106 0.683178 0.673979
v -0.432593 0.675092 -0.036097
vt 0.667966 0.495044
vn -0.259670 -0.686352 -0.679333
v -0.441390 0.676348 -0.030592
vt 0.664863 0.493831
vn -0.660533 -0.538123 0.523565
v -0.431988 0.680532 -0.036244
vt 0.668531 0.493435
vn -0.281134 0.683160 -0.673985
v -0.432593 0.675092 -0.028973
vt 0.666407 0.496825
vn -0.259642 -0.686418 0.679276
v -0.424718 0.681777 -0.037963
vt 0.670917 0.493533
vn -0.282637 0.682080 -0.674451
v -0.424718 0.681777 -0.027107
vt 0.670239 0.490026
vn -0.282720 0.682075 0.674421
v -0.423922 0.673510 -0.026914
vt 0.668809 0.487624
vn -0.295687 -0.629473 0.718563
v -0.423922 0.673510 -0.038156
vt 0.670661 0.496274
vn -0.312569 -0.626098 -0.714355
v -0.423922 0.673510 -0.026914
vt 0.668308 0.499238
vn -0.295687 -0.629473 0.718563
v -0.409669 0.667704 -0.039910
vt 0.675121 0.498943
vn -0.293263 -0.630082 -0.719023
v -0.409935 0.668643 -0.025466
vt 0.671971 0.502697
vn -0.450595 -0.892652 0.011640
v -0.409550 0.683767 -0.039939
vt 0.675962 0.493560
vn -0.124308 0.615983 -0.777890
v -0.423126 0.682066 -0.038349
vt 0.671451 0.493549
vn -0.220536 0.681137 -0.698152
v -0.423126 0.682066 -0.026721
vt 0.670743 0.489787
vn -0.256647 0.659853 0.706206
v -0.409783 0.687329 -0.025471
vt 0.675451 0.488546
vn -0.216430 0.946186 -0.240604
v -0.409935 0.668643 -0.025466
vt 0.671668 0.483481
vn -0.450595 -0.892652 0.011640
v -0.402682 0.640457 0.041818
vt 0.674914 0.399455
vn -0.402581 -0.728370 -0.554443
v -0.418051 0.640461 0.050090
vt 0.670195 0.402067
vn -0.712469 -0.629058 -0.310923
v -0.400794 0.640470 0.052039
vt 0.674785 0.402197
vn 0.156977 -0.714017 0.682304
v -0.416009 0.640461 0.055699
vt 0.670313 0.402459
vn -0.334413 -0.626526 0.704013
v -0.419455 0.649599 0.050601
vt 0.669588 0.402250
vn -0.888032 0.385171 -0.251082
v -0.417413 0.649599 0.056210
vt 0.669706 0.402642
vn -0.506877 0.385354 0.771089
v -0.417413 0.649599 0.056210
vt 0.670124 0.403070
vn -0.506877 0.385354 0.771089
v -0.397411 0.640445 0.051266
vt 0.675656 0.402238
vn 0.186847 -0.697678 0.691617
v -0.383479 0.638570 0.027130
vt 0.681524 0.397554
vn -0.405589 -0.887170 -0.220061
v -0.403154 0.655833 0.052898
vt 0.673902 0.405748
vn -0.095125 0.635043 0.766597
v -0.419455 0.649599 0.050601
vt 0.669820 0.403346
vn -0.888032 0.385171 -0.251082
v -0.380459 0.642705 0.046212
vt 0.680161 0.402978
vn 0.342039 -0.591695 0.730004
v -0.375972 0.643155 0.044258
vt 0.681524 0.403098
vn 0.382257 -0.578888 0.720256
v -0.399973 0.657126 0.052199
vt 0.674652 0.406215
vn -0.065439 0.619403 0.782341
v -0.405143 0.656479 0.042714
vt 0.672486 0.407900
vn -0.618121 0.624263 -0.477725
v -0.402682 0.640457 0.041818
vt 0.668161 0.408811
vn -0.402581 -0.728370 -0.554443
v -0.418051 0.640461 0.050090
vt 0.669172 0.403447
vn -0.712469 -0.629058 -0.310923
v -0.383479 0.638570 0.027130
vt 0.668442 0.415848
vn -0.405589 -0.887170 -0.220061
v -0.393397 0.662601 0.035484
vt 0.674894 0.411226
vn -0.932319 0.058976 0.356796
v -0.384009 0.665228 0.046877
vt 0.678734 0.409206
vn -0.049137 0.448005 0.892680
v -0.384811 0.674965 0.038680
vt 0.678955 0.412862
vn -0.346709 0.441331 0.827659
v -0.379740 0.667385 0.045027
vt 0.680034 0.409889
vn 0.235865 0.349574 0.906734
v 0.005993 0.692736 -0.009425
vt 0.085588 0.044828
vn 0.544467 0.391033 -0.742057
v 0.010495 0.692736 -0.001421
vt 0.078595 0.044828
vn 0.758773 0.650098 -0.040449
v 0.006757 0.705675 -0.008648
vt 0.085588 0.051699
vn 0.700446 0.007942 -0.713661
v 0.000000 0.692736 -0.012741
vt 0.091669 0.044828
vn 0.000000 0.288222 -0.957564
v 0.000000 0.705675 -0.012145
vt 0.091669 0.051699
vn 0.000000 0.039827 -0.999207
v 0.000000 0.771437 -0.009173
vt 0.091669 0.086619
vn 0.000000 0.035400 -0.999373
v 0.010630 0.771437 -0.004753
vt 0.085588 0.086619
vn 0.717365 0.005937 -0.696672
v 0.011359 0.705675 0.000049
vt 0.078595 0.051699
vn 0.997159 -0.075227 0.003793
v 0.005993 0.692736 0.006583
vt 0.071520 0.044828
vn 0.548810 0.373715 0.747760
v 0.015746 0.771437 0.007461
vt 0.078595 0.086619
vn 0.996557 -0.077021 0.030684
v 0.006757 0.705675 0.008748
vt 0.071520 0.051699
vn 0.700092 -0.150501 0.698012
v 0.000000 0.692736 0.009899
vt 0.065278 0.044828
vn -0.000018 0.206760 0.978392
v 0.010630 0.771437 0.019685
vt 0.071520 0.086619
vn 0.687780 -0.153505 0.709503
v 0.000000 0.705675 0.012244
vt 0.065278 0.051699
vn -0.000018 -0.185219 0.982697
v 0.000000 0.771437 0.024101
vt 0.065278 0.086619
vn -0.000018 -0.177442 0.984131
v -0.010630 0.771437 0.019685
vt 0.059037 0.086619
vn -0.687828 -0.153505 0.709457
v -0.006757 0.705675 0.008748
vt 0.059037 0.051699
vn -0.700139 -0.150501 0.697965
v -0.005993 0.692736 0.006583
vt 0.059037 0.044828
vn -0.548866 0.373718 0.747717
v -0.015746 0.771437 0.007461
vt 0.051961 0.086619
vn -0.996558 -0.077019 0.030649
v -0.011359 0.705675 0.000049
vt 0.051961 0.051699
vn -0.997160 -0.075224 0.003760
v -0.010494 0.692736 -0.001421
vt 0.051961 0.044828
vn -0.758793 0.650072 -0.040494
v -0.010630 0.771437 -0.004753
vt 0.044969 0.086619
vn -0.717343 0.005893 -0.696695
v -0.006757 0.705675 -0.008648
vt 0.044969 0.051699
vn -0.700425 0.007898 -0.713683
v 0.000000 0.771437 -0.009173
vt 0.038888 0.086619
vn 0.000000 0.035400 -0.999373
v -0.005993 0.692736 -0.009425
vt 0.044969 0.044828
vn -0.544457 0.390975 -0.742095
v 0.000000 0.705675 -0.012145
vt 0.038888 0.051699
vn 0.000000 0.039827 -0.999207
v 0.000000 0.692736 -0.012741
vt 0.038888 0.044828
vn 0.000000 0.288222 -0.957564
v 0.059293 0.355935 -0.070445
vt 0.314548 0.295211
vn 0.007970 -0.179418 -0.983741
v 0.028886 0.355935 -0.070664
vt 0.321413 0.295211
vn -0.500565 -0.180375 -0.846699
v 0.052377 0.262018 -0.053371
vt 0.314548 0.272132
vn -0.002792 -0.783872 -0.620916
v 0.074344 0.262018 -0.053174
vt 0.307683 0.272132
vn 0.374975 -0.677639 -0.632613
v 0.083700 0.355935 -0.070226
vt 0.307683 0.295211
vn 0.479187 -0.210933 -0.851990
v 0.032341 0.262018 -0.051410
vt 0.321413 0.272132
vn -0.436232 -0.686132 -0.582172
v 0.084681 0.270236 -0.036935
vt 0.301945 0.274396
vn 0.640569 -0.700544 -0.314499
v 0.014410 0.356309 -0.042124
vt 0.328591 0.295211
vn -0.885555 -0.124271 -0.447603
v 0.019312 0.262354 -0.025725
vt 0.328591 0.272132
vn -0.603178 -0.764775 -0.226484
v -0.000067 0.356683 -0.013585
vt 0.335770 0.295211
vn -0.990983 -0.133697 -0.008804
v 0.012002 0.270573 -0.011458
vt 0.335770 0.274396
vn -0.816115 -0.577520 0.020653
v 0.101892 0.356309 -0.041896
vt 0.301945 0.295211
vn 0.826349 -0.195707 -0.528058
v 0.101053 0.270573 -0.011439
vt 0.296206 0.274396
vn 0.741997 -0.669325 0.038016
v 0.120084 0.356683 -0.013567
vt 0.296206 0.295211
vn 0.977575 -0.210414 -0.008600
v 0.091373 0.270591 0.005649
vt 0.290228 0.274396
vn 0.570558 -0.722197 0.391018
v 0.101955 0.356684 0.014867
vt 0.290228 0.295211
vn 0.832401 -0.159149 0.530829
v 0.075057 0.270592 0.031239
vt 0.284251 0.274396
vn 0.305294 -0.619011 0.723617
v 0.083826 0.356684 0.043300
vt 0.284251 0.295211
vn 0.457569 -0.181126 0.870531
v 0.058264 0.356683 0.042398
vt 0.277971 0.295211
vn -0.031510 -0.159812 0.986644
v 0.030491 0.270571 0.027662
vt 0.271690 0.274396
vn -0.404748 -0.623943 0.668486
v 0.026703 0.356683 0.041497
vt 0.271690 0.295211
vn -0.524229 -0.160139 0.836385
v 0.024048 0.270573 0.013329
vt 0.266447 0.274396
vn -0.576512 -0.735296 0.356334
v 0.013318 0.356683 0.013956
vt 0.266447 0.295211
vn -0.893527 -0.114499 0.434165
v 0.012002 0.270573 -0.011458
vt 0.261204 0.274396
vn -0.816115 -0.577520 0.020653
v -0.000067 0.356683 -0.013585
vt 0.261204 0.295211
vn -0.990983 -0.133697 -0.008804
v -0.052313 0.262018 -0.053371
vt 0.194806 0.272132
vn -0.002491 -0.783501 -0.621385
v -0.028822 0.355935 -0.070664
vt 0.187941 0.295211
vn 0.500580 -0.180427 -0.846679
v -0.059229 0.355935 -0.070445
vt 0.194806 0.295211
vn -0.007970 -0.179377 -0.983748
v -0.074280 0.262018 -0.053174
vt 0.201671 0.272132
vn -0.417586 -0.741889 -0.524616
v -0.083636 0.355935 -0.070226
vt 0.201671 0.295211
vn -0.479173 -0.210879 -0.852011
v -0.032277 0.262018 -0.051410
vt 0.187941 0.272132
vn 0.394278 -0.719422 -0.571819
v -0.084617 0.270236 -0.036935
vt 0.207410 0.274396
vn -0.642989 -0.698710 -0.313639
v -0.019248 0.262354 -0.025725
vt 0.180763 0.272132
vn 0.600737 -0.764703 -0.233119
v -0.014346 0.356309 -0.042124
vt 0.180763 0.295211
vn 0.885568 -0.124318 -0.447565
v 0.000131 0.356683 -0.013585
vt 0.173585 0.295211
vn 0.990979 -0.133731 -0.008769
v -0.011938 0.270573 -0.011458
vt 0.173585 0.274396
vn 0.760492 -0.649320 -0.005984
v -0.101828 0.356309 -0.041896
vt 0.207410 0.295211
vn -0.826336 -0.195656 -0.528097
v -0.100989 0.270573 -0.011439
vt 0.213148 0.274396
vn -0.734303 -0.677499 0.042359
v -0.120020 0.356683 -0.013567
vt 0.213148 0.295211
vn -0.977582 -0.210379 -0.008636
v -0.091309 0.270591 0.005649
vt 0.219126 0.274396
vn -0.568496 -0.721505 0.395276
v -0.101891 0.356684 0.014867
vt 0.219126 0.295211
vn -0.832436 -0.159147 0.530775
v -0.074993 0.270592 0.031239
vt 0.225104 0.274396
vn -0.284511 -0.640244 0.713541
v -0.083762 0.356684 0.043300
vt 0.225104 0.295211
vn -0.457624 -0.181129 0.870501
v -0.058201 0.356683 0.042398
vt 0.231384 0.295211
vn 0.031472 -0.159807 0.986646
v -0.030428 0.270571 0.027662
vt 0.237664 0.274396
vn 0.412825 -0.652573 0.635393
v -0.026639 0.356683 0.041497
vt 0.237664 0.295211
vn 0.524175 -0.160137 0.836419
v -0.023984 0.270573 0.013329
vt 0.242907 0.274396
vn 0.578389 -0.733940 0.356087
v -0.013254 0.356683 0.013956
vt 0.242907 0.295211
vn 0.893501 -0.114502 0.434218
v -0.011938 0.270573 -0.011458
vt 0.248151 0.274396
vn 0.760492 -0.649320 -0.005984
v 0.000131 0.356683 -0.013585
vt 0.248151 0.295211
vn 0.990979 -0.133731 -0.008769
v 0.033646 0.768494 0.101864
vt 0.274356 0.728776
vn 0.262599 0.129869 0.956125
v 0.000018 0.766286 0.104706
vt 0.214385 0.727100
vn -0.000021 0.581991 0.813195
v 0.000018 0.818464 0.104129
vt 0.214385 0.824361
vn -0.000016 0.066469 0.997788
v -0.033607 0.768494 0.101864
vt 0.154415 0.728776
vn -0.262647 0.129873 0.956112
v 0.000019 0.761353 0.116042
vt 0.214385 0.686446
vn -0.000018 0.237372 0.971419
v 0.053230 0.819334 0.096168
vt 0.323139 0.821978
vn 0.303981 0.054577 0.951113
v -0.053192 0.819335 0.096168
vt 0.105632 0.821978
vn -0.303424 0.047196 0.951686
v 0.000018 0.893521 0.096926
vt 0.214385 0.984855
vn 0.004581 0.074267 0.997228
v 0.042260 0.887518 0.092883
vt 0.307356 0.968914
vn 0.189394 0.077579 0.978832
v 0.074679 0.853075 0.081836
vt 0.381233 0.891197
vn 0.425482 0.110962 0.898138
v -0.050551 0.887519 0.092883
vt 0.121415 0.968914
vn -0.198127 0.054779 0.978644
v -0.074642 0.853075 0.081836
vt 0.047537 0.891197
vn -0.465520 0.078460 0.881553
v 0.087720 0.821430 0.079510
vt 0.405093 0.818412
vn 0.456445 0.032962 0.889141
v -0.087682 0.821430 0.079510
vt 0.023677 0.818412
vn -0.456495 0.032963 0.889115
v 0.065392 0.773090 0.089969
vt 0.338067 0.727435
vn 0.505101 -0.068737 0.860319
v 0.084916 0.776943 0.076598
vt 0.387025 0.722703
vn 0.648337 -0.186841 0.738072
v -0.065356 0.773090 0.089969
vt 0.090704 0.727435
vn -0.505204 -0.068739 0.860258
v -0.084878 0.776943 0.076598
vt 0.041745 0.722703
vn -0.648438 -0.186842 0.737982
v -0.033993 0.746919 0.105291
vt 0.155590 0.689312
vn -0.295220 -0.358402 0.885660
v -0.083105 0.759273 0.071338
vt 0.051954 0.685913
vn -0.796131 -0.296809 0.527333
v -0.089346 0.755067 0.051656
vt 0.021163 0.655777
vn -0.887106 -0.423199 0.184245
v -0.073708 0.738720 0.054654
vt 0.054657 0.665038
vn -0.762646 -0.600353 0.240723
v -0.063128 0.753905 0.089507
vt 0.100107 0.691827
vn -0.584245 -0.295529 0.755857
v -0.073708 0.738720 0.054654
vt 0.099342 0.659014
vn -0.762646 -0.600353 0.240723
v -0.048261 0.734571 0.084634
vt 0.128700 0.657763
vn -0.398727 -0.735368 0.547952
v -0.041625 0.723277 0.055507
vt 0.121624 0.624963
vn -0.351014 -0.912113 0.211751
v -0.073708 0.738720 0.054654
vt 0.091106 0.633792
vn -0.762646 -0.600353 0.240723
v -0.033913 0.730915 0.087729
vt 0.155177 0.655245
vn -0.252028 -0.807417 0.533441
v -0.016946 0.727835 0.088912
vt 0.185022 0.651757
vn -0.113699 -0.800707 0.588167
v -0.041625 0.723277 0.055507
vt 0.151618 0.619873
vn -0.351014 -0.912113 0.211751
v -0.016703 0.718658 0.068091
vt 0.183333 0.615474
vn -0.151018 -0.953238 0.261786
v 0.000019 0.726621 0.090095
vt 0.214385 0.651229
vn 0.000064 -0.775035 0.631918
v 0.000018 0.715732 0.051358
vt 0.214385 0.614672
vn 0.000092 -0.972191 0.234188
v 0.016741 0.718657 0.068091
vt 0.245438 0.615474
vn 0.148969 -0.953506 0.261981
v 0.016984 0.727834 0.088912
vt 0.243749 0.651757
vn 0.114749 -0.799892 0.589072
v 0.041664 0.723276 0.055507
vt 0.277152 0.619873
vn 0.350649 -0.912192 0.212019
v 0.033951 0.730915 0.087729
vt 0.273594 0.655245
vn 0.250146 -0.807710 0.533883
v 0.034030 0.746919 0.105291
vt 0.273181 0.689312
vn 0.295275 -0.358412 0.885637
v 0.048299 0.734571 0.084635
vt 0.300071 0.657763
vn 0.400691 -0.733602 0.548885
v 0.041664 0.723276 0.055507
vt 0.307146 0.624963
vn 0.350649 -0.912192 0.212019
v 0.073745 0.738720 0.054653
vt 0.337665 0.633792
vn 0.767070 -0.600995 0.224519
v 0.063166 0.753905 0.089507
vt 0.328664 0.691827
vn 0.579955 -0.299031 0.757781
v 0.073745 0.738720 0.054653
vt 0.329428 0.659014
vn 0.767070 -0.600995 0.224519
v 0.083143 0.759274 0.071338
vt 0.376817 0.685913
vn 0.795646 -0.296751 0.528098
v 0.089384 0.755067 0.051656
vt 0.407608 0.655777
vn 0.887115 -0.423158 0.184292
v 0.073745 0.738720 0.054653
vt 0.374114 0.665038
vn 0.767070 -0.600995 0.224519
v 0.000018 0.715732 0.051358
vt 0.248470 0.539541
vn 0.000092 -0.972191 0.234188
v 0.041664 0.723276 0.055507
vt 0.283191 0.538026
vn 0.350649 -0.912192 0.212019
v 0.025834 0.723760 -0.011365
vt 0.266572 0.426060
vn 0.238682 -0.964756 -0.110798
v 0.051982 0.731177 -0.005114
vt 0.320778 0.436996
vn 0.347071 -0.930515 -0.116974
v 0.000018 0.718880 -0.014478
vt 0.214385 0.420746
vn 0.000000 -0.994652 -0.103285
v 0.089384 0.755067 0.051656
vt 0.419059 0.544543
vn 0.887115 -0.423158 0.184292
v 0.080413 0.742862 0.009154
vt 0.382840 0.462740
vn 0.533559 -0.840397 -0.095114
v 0.073745 0.738720 0.054653
vt 0.390261 0.535598
vn 0.767070 -0.600995 0.224519
v 0.041664 0.723276 0.055507
vt 0.316469 0.536034
vn 0.350649 -0.912192 0.212019
v 0.073745 0.738720 0.054653
vt 0.350738 0.533700
vn 0.767070 -0.600995 0.224519
v 0.041664 0.723276 0.055507
vt 0.287646 0.575734
vn 0.350649 -0.912192 0.212019
v 0.000018 0.715732 0.051358
vt 0.250597 0.570362
vn 0.000092 -0.972191 0.234188
v -0.025796 0.723759 -0.011365
vt 0.162198 0.426060
vn -0.238674 -0.964763 -0.110754
v -0.041625 0.723277 0.055507
vt 0.145579 0.538026
vn -0.351014 -0.912113 0.211751
v 0.000018 0.715732 0.051358
vt 0.180300 0.539541
vn 0.000092 -0.972191 0.234188
v -0.051945 0.731178 -0.005114
vt 0.107992 0.436996
vn -0.347083 -0.930505 -0.117021
v -0.073708 0.738720 0.054654
vt 0.038510 0.535598
vn -0.762646 -0.600353 0.240723
v -0.080376 0.742862 0.009154
vt 0.045930 0.462740
vn -0.533525 -0.840414 -0.095160
v -0.089346 0.755067 0.051656
vt 0.009711 0.544543
vn -0.887106 -0.423199 0.184245
v -0.073708 0.738720 0.054654
vt 0.078033 0.533700
vn -0.762646 -0.600353 0.240723
v -0.041625 0.723277 0.055507
vt 0.112302 0.536034
vn -0.351014 -0.912113 0.211751
v 0.000018 0.715732 0.051358
vt 0.178174 0.570362
vn 0.000092 -0.972191 0.234188
v -0.041625 0.723277 0.055507
vt 0.141125 0.575734
vn -0.351014 -0.912113 0.211751
v 0.000019 0.776362 0.064446
vt 0.374389 0.984437
vn -0.000021 -0.500047 0.865998
v 0.000019 0.774005 0.063086
vt 0.374389 0.968626
vn -0.000021 -0.500047 0.865998
v -0.005151 0.775672 0.064048
vt 0.363209 0.979806
vn -0.000021 -0.500047 0.865998
v -0.005152 0.772338 0.062123
vt 0.363209 0.957447
vn -0.000021 -0.500047 0.865998
v 0.005190 0.775671 0.064048
vt 0.385568 0.979806
vn -0.000021 -0.500047 0.865998
v 0.000019 0.771649 0.061725
vt 0.374389 0.952816
vn -0.000021 -0.500096 0.865970
v 0.005190 0.772339 0.062123
vt 0.385568 0.957447
vn -0.000021 -0.500096 0.865970
v 0.117751 0.908146 0.053573
vt 0.652159 0.960729
vn 0.754040 0.465141 0.463754
v 0.109524 0.817282 0.093246
vt 0.682429 0.919712
vn 0.746135 0.040956 0.664533
v 0.096118 0.854048 0.102667
vt 0.662046 0.921734
vn 0.682460 0.128468 0.719545
v 0.076930 0.897745 0.110107
vt 0.634733 0.928910
vn 0.556446 0.393986 0.731534
v 0.133255 0.803571 0.055683
vt 0.699796 0.935199
vn 0.771889 0.176456 0.610779
v 0.030338 0.950407 0.089367
vt 0.595513 0.949146
vn 0.244666 0.737490 0.629482
v 0.079337 0.958090 0.039841
vt 0.621870 0.977967
vn 0.529302 0.755908 0.385282
v 0.000019 0.984643 0.028928
vt 0.584950 0.987178
vn -0.026308 0.929851 0.366994
v 0.045373 0.891470 0.128137
vt 0.616423 0.899116
vn 0.289368 0.181967 0.939763
v 0.000018 0.950408 0.092715
vt 0.578402 0.946926
vn 0.001879 0.733353 0.679846
v 0.000019 0.984643 0.028928
vt 0.578967 0.986629
vn -0.026308 0.929851 0.366994
v -0.008742 0.891470 0.131648
vt 0.569777 0.897180
vn -0.004504 0.281180 0.959645
v -0.053663 0.891470 0.128137
vt 0.539457 0.899897
vn -0.298027 0.238079 0.924391
v 0.080415 0.823823 0.115069
vt 0.671086 0.905775
vn 0.456280 -0.054631 0.888158
v 0.042260 0.887518 0.092883
vt 0.636882 0.880010
vn 0.328772 -0.938405 0.106321
v 0.041572 0.795793 0.119374
vt 0.605228 0.848619
vn 0.984224 -0.171419 -0.043797
v 0.091703 0.758418 0.102722
vt 0.701969 0.897719
vn 0.428775 -0.332411 0.840032
v 0.083700 0.763240 0.103750
vt 0.697542 0.892569
vn 0.053683 -0.122127 0.991062
v 0.068619 0.745484 0.104468
vt 0.704237 0.885397
vn 0.342374 -0.475288 0.810482
v 0.102051 0.755766 0.092305
vt 0.706896 0.902883
vn 0.540489 -0.285807 0.791319
v 0.094154 0.745087 0.087697
vt 0.711566 0.897988
vn 0.429879 -0.606504 0.668848
v 0.120694 0.759318 0.078884
vt 0.710356 0.913253
vn 0.855415 -0.212132 0.472510
v 0.122424 0.760295 0.055860
vt 0.720561 0.919036
vn 0.733180 -0.627333 0.262489
v 0.094878 0.688099 0.075829
vt 0.729954 0.894439
vn 0.823954 -0.562741 -0.066501
v 0.094154 0.745087 0.087697
vt 0.711566 0.897988
vn -0.278830 -0.199232 0.939447
v 0.041734 0.795905 0.129661
vt 0.599697 0.849613
vn 0.716136 -0.192925 0.670767
v 0.031196 0.767101 0.123460
vt 0.600507 0.833175
vn 0.152253 -0.261193 0.953204
v -0.024164 0.769890 0.123534
vt 0.578907 0.829153
vn -0.157526 -0.311726 0.937023
v -0.025085 0.795906 0.130958
vt 0.562381 0.842218
vn -0.086408 -0.255005 0.963071
v -0.024164 0.769890 0.123534
vt 0.578907 0.829153
vn -0.157398 -0.311900 0.936987
v -0.043626 0.796740 0.126514
vt 0.549258 0.847547
vn -0.816781 -0.218292 0.534057
v -0.024164 0.769890 0.123534
vt 0.545514 0.830904
vn -0.197914 -0.510927 0.836531
v -0.041221 0.796894 0.116510
vt 0.543260 0.847434
vn -0.965653 -0.214558 -0.146555
v -0.050551 0.887519 0.092883
vt 0.517125 0.881752
vn 0.117064 -0.881181 -0.458057
v -0.057741 0.868541 0.128918
vt 0.539457 0.899897
vn 0.528999 -0.162731 0.832873
v -0.053465 0.865893 0.093664
vt 0.517125 0.881752
vn 0.570397 -0.242248 -0.784833
v -0.062906 0.777098 0.114011
vt 0.484554 0.908759
vn -0.582794 -0.812086 0.029449
v -0.080634 0.804000 0.115069
vt 0.484554 0.908759
vn -0.777174 -0.125044 0.616737
v -0.096080 0.854048 0.102667
vt 0.494226 0.924375
vn -0.696813 0.119767 0.707183
v -0.076893 0.897745 0.110107
vt 0.521873 0.930577
vn -0.592039 0.421166 0.687102
v -0.109485 0.817282 0.093246
vt 0.473771 0.923108
vn -0.749586 0.044362 0.660418
v -0.030301 0.950408 0.089367
vt 0.561401 0.949611
vn -0.244491 0.741534 0.624782
v 0.000019 0.984643 0.028928
vt 0.573004 0.987340
vn -0.026308 0.929851 0.366994
v -0.079299 0.958091 0.039841
vt 0.536001 0.979115
vn -0.529426 0.755787 0.385350
v -0.117712 0.908146 0.053572
vt 0.505477 0.962917
vn -0.754080 0.465134 0.463696
v -0.133216 0.803571 0.055683
vt 0.457022 0.939213
vn -0.771921 0.176558 0.610709
v -0.091665 0.758418 0.102722
vt 0.453434 0.901903
vn -0.437351 -0.343157 0.831245
v -0.086189 0.763240 0.103750
vt 0.457655 0.896597
vn -0.010422 -0.197116 0.980325
v -0.068581 0.745484 0.104468
vt 0.450702 0.889697
vn -0.361229 -0.511348 0.779767
v -0.102014 0.755766 0.092305
vt 0.448715 0.907243
vn -0.540545 -0.285811 0.791280
v -0.094118 0.745087 0.087697
vt 0.443870 0.902538
vn -0.429936 -0.606511 0.668804
v -0.120656 0.759318 0.078884
vt 0.445657 0.917720
vn -0.855478 -0.212125 0.472399
v -0.122385 0.760295 0.055860
vt 0.435696 0.923877
vn -0.733167 -0.627371 0.262434
v -0.094840 0.688100 0.075829
vt 0.425390 0.899696
vn -0.823972 -0.562709 -0.066547
v -0.094118 0.745087 0.087697
vt 0.443870 0.902538
vn 0.278881 -0.199238 0.939431
v 0.081840 0.758799 0.091006
vt 0.872391 0.953837
vn -0.872992 -0.079271 -0.481250
v 0.087720 0.821430 0.079510
vt 0.870000 0.964691
vn -0.973598 -0.135281 -0.183866
v 0.080415 0.823823 0.115069
vt 0.875911 0.965328
vn -0.948680 -0.230685 -0.216310
v 0.074679 0.853075 0.081836
vt 0.870544 0.970271
vn -0.801557 -0.510559 -0.311185
v 0.042260 0.887518 0.092883
vt 0.873291 0.977718
vn -0.732081 -0.569004 -0.374555
v 0.083700 0.763240 0.103750
vt 0.874690 0.954891
vn -0.976200 0.204885 0.071097
v 0.068619 0.745484 0.104468
vt 0.875911 0.951682
vn -0.788619 0.192486 -0.583977
v 0.084916 0.776943 0.076598
vt 0.869764 0.957115
vn -0.989480 -0.044884 -0.137530
v 0.094154 0.745087 0.087697
vt 0.870640 0.950991
vn -0.970517 -0.241012 0.002984
v 0.094878 0.688099 0.075829
vt 0.867098 0.945116
vn -0.985990 -0.111597 0.123973
v 0.089384 0.755067 0.051656
vt 0.864629 0.954167
vn -0.990604 -0.110392 -0.080729
v 0.094878 0.688099 0.075829
vt 0.878163 0.949814
vn 0.823954 -0.562741 -0.066501
v 0.122424 0.760295 0.055860
vt 0.868770 0.974411
vn 0.733180 -0.627333 0.262489
v 0.089384 0.755067 0.051656
vt 0.885129 0.974649
vn 0.169470 -0.322350 -0.931327
v 0.033135 0.986145 0.012334
vt 0.866721 0.738027
vn 0.237862 0.948401 0.209660
v 0.000019 0.984643 0.028928
vt 0.856585 0.726172
vn -0.026308 0.929851 0.366994
v 0.000018 0.976583 -0.078932
vt 0.850697 0.755104
vn 0.000000 0.972238 -0.233995
v 0.041386 0.985837 -0.031410
vt 0.866016 0.756572
vn 0.310425 0.920430 -0.237580
v 0.079337 0.958090 0.039841
vt 0.899548 0.730226
vn 0.529302 0.755908 0.385282
v 0.096544 0.960548 -0.021255
vt 0.888563 0.760863
vn 0.621134 0.752708 -0.218228
v 0.138592 0.914676 -0.018333
vt 0.908703 0.775519
vn 0.841395 0.442299 -0.310524
v 0.117751 0.908146 0.053573
vt 0.936808 0.745758
vn 0.754040 0.465141 0.463754
v 0.206102 0.779763 -0.007080
vt 0.939087 0.792678
vn 0.939509 0.301433 -0.162668
v 0.155851 0.805034 -0.030123
vt 0.934965 0.806583
vn 0.875893 -0.047017 -0.480210
v 0.133255 0.803571 0.055683
vt 0.965957 0.791072
vn 0.771889 0.176456 0.610779
v 0.122424 0.760295 0.055860
vt 0.977590 0.814598
vn 0.733180 -0.627333 0.262489
v 0.139978 0.772438 0.029110
vt 0.951766 0.818569
vn 0.871560 -0.392516 -0.293793
v 0.113475 0.723019 0.026439
vt 0.971556 0.833670
vn 0.177254 -0.973363 0.145414
v 0.138278 0.761476 -0.035289
vt 0.935699 0.828403
vn 0.970562 0.000980 0.240851
v 0.133255 0.803571 0.055683
vt 0.208186 0.483321
vn 0.771889 0.176456 0.610779
v 0.139978 0.772438 0.029110
vt 0.217965 0.556551
vn 0.871560 -0.392516 -0.293793
v 0.159353 0.772101 0.038963
vt 0.278930 0.507646
vn 0.566066 -0.543530 0.619794
v 0.155851 0.805034 -0.030123
vt 0.936593 0.933619
vn -0.321992 -0.946629 -0.014627
v 0.133255 0.803571 0.055683
vt 0.967586 0.918108
vn -0.321992 -0.946629 -0.014627
v 0.206102 0.779763 -0.007080
vt 0.940715 0.919714
vn -0.321992 -0.946629 -0.014627
v 0.089384 0.755067 0.051656
vt 0.801912 0.934120
vn -0.607433 -0.720237 0.335089
v 0.113475 0.723019 0.026439
vt 0.790610 0.945747
vn 0.177254 -0.973363 0.145414
v 0.080413 0.742862 0.009154
vt 0.804626 0.949327
vn -0.090348 -0.837662 0.538665
v 0.138278 0.761476 -0.035289
vt 0.790610 0.945747
vn 0.970562 0.000980 0.240851
v 0.122424 0.760295 0.055860
vt 0.959674 0.925347
vn 0.733180 -0.627333 0.262489
v 0.113475 0.723019 0.026439
vt 0.953640 0.944419
vn 0.177254 -0.973363 0.145414
v 0.089384 0.755067 0.051656
vt 0.973907 0.933442
vn -0.001910 -0.619306 0.785147
v -0.080634 0.804000 0.115069
vt 0.823774 0.964975
vn 0.971056 -0.121922 -0.205389
v -0.087682 0.821430 0.079510
vt 0.829719 0.964856
vn 0.943413 -0.185726 -0.274734
v -0.081802 0.758799 0.091006
vt 0.828283 0.953835
vn 0.895569 -0.069302 -0.439492
v -0.074642 0.853075 0.081836
vt 0.828690 0.970367
vn 0.814290 -0.390312 -0.429638
v -0.050551 0.887519 0.092883
vt 0.825305 0.977547
vn 0.790866 -0.406392 -0.457576
v -0.086189 0.763240 0.103750
vt 0.825901 0.954684
vn 0.950888 0.115781 0.287066
v -0.068581 0.745484 0.104468
vt 0.824964 0.951381
vn 0.800941 0.241131 -0.548042
v -0.084878 0.776943 0.076598
vt 0.830614 0.957328
vn 0.989483 -0.044920 -0.137495
v -0.094118 0.745087 0.087697
vt 0.830275 0.951152
vn 0.970515 -0.241021 0.003021
v -0.094840 0.688100 0.075829
vt 0.834315 0.945608
vn 0.985973 -0.111607 0.124097
v -0.089346 0.755067 0.051656
vt 0.835986 0.954840
vn 0.990610 -0.110420 -0.080616
v -0.089346 0.755067 0.051656
vt 0.922642 0.976854
vn -0.169466 -0.322298 -0.931346
v -0.122385 0.760295 0.055860
vt 0.938953 0.975994
vn -0.733167 -0.627371 0.262434
v -0.094840 0.688100 0.075829
vt 0.928648 0.951813
vn -0.823972 -0.562709 -0.066547
v 0.000019 0.984643 0.028928
vt 0.844809 0.726172
vn -0.026308 0.929851 0.366994
v -0.033096 0.986144 0.012333
vt 0.834674 0.738027
vn -0.237939 0.948412 0.209525
v -0.041350 0.985836 -0.031410
vt 0.835379 0.756572
vn -0.313442 0.919273 -0.238100
v -0.079299 0.958091 0.039841
vt 0.801847 0.730226
vn -0.529426 0.755787 0.385350
v -0.096505 0.960547 -0.021255
vt 0.812832 0.760863
vn -0.621110 0.752650 -0.218496
v -0.138554 0.914675 -0.018334
vt 0.792691 0.775519
vn -0.840932 0.443192 -0.310507
v -0.117712 0.908146 0.053572
vt 0.764587 0.745758
vn -0.754080 0.465134 0.463696
v -0.206064 0.779763 -0.007080
vt 0.762308 0.792678
vn -0.939538 0.301372 -0.162615
v -0.155813 0.805034 -0.030122
vt 0.766430 0.806583
vn -0.875799 -0.047373 -0.480346
v -0.133216 0.803571 0.055683
vt 0.735437 0.791072
vn -0.771921 0.176558 0.610709
v -0.113437 0.723019 0.026440
vt 0.729839 0.833670
vn -0.177293 -0.973362 0.145374
v -0.139939 0.772438 0.029110
vt 0.749628 0.818569
vn -0.886294 -0.352799 -0.300027
v -0.122385 0.760295 0.055860
vt 0.723805 0.814598
vn -0.733167 -0.627371 0.262434
v -0.138241 0.761477 -0.035289
vt 0.765696 0.828403
vn -0.978550 0.030782 0.203699
v -0.139939 0.772438 0.029110
vt 0.146855 0.556551
vn -0.886294 -0.352799 -0.300027
v -0.133216 0.803571 0.055683
vt 0.156635 0.483321
vn -0.771921 0.176558 0.610709
v -0.159314 0.772101 0.038963
vt 0.085891 0.507645
vn -0.550508 -0.595835 0.584741
v -0.206064 0.779763 -0.007080
vt 0.965891 0.947401
vn 0.321968 -0.946636 -0.014706
v -0.133216 0.803571 0.055683
vt 0.939020 0.945795
vn 0.322062 -0.946604 -0.014707
v -0.155813 0.805034 -0.030122
vt 0.970013 0.961306
vn 0.321792 -0.946693 -0.014903
v -0.080376 0.742862 0.009154
vt 0.862279 0.949327
vn 0.090302 -0.837645 0.538699
v -0.113437 0.723019 0.026440
vt 0.876296 0.945747
vn -0.177293 -0.973362 0.145374
v -0.089346 0.755067 0.051656
vt 0.864993 0.934120
vn 0.607475 -0.720227 0.335033
v -0.138241 0.761477 -0.035289
vt 0.862279 0.949327
vn -0.978550 0.030782 0.203699
v -0.089346 0.755067 0.051656
vt 0.839865 0.957871
vn 0.001867 -0.619286 0.785164
v -0.113437 0.723019 0.026440
vt 0.860132 0.968849
vn -0.177293 -0.973362 0.145374
v -0.122385 0.760295 0.055860
vt 0.854098 0.949777
vn -0.733167 -0.627371 0.262434
v 0.000018 0.893521 0.096926
vt 0.851455 0.967661
vn -0.015170 -0.280347 -0.959779
v -0.050551 0.887519 0.092883
vt 0.858716 0.966773
vn 0.141780 -0.277124 -0.950316
v -0.015427 0.810044 0.120712
vt 0.853577 0.954567
vn 0.067180 -0.219615 -0.973271
v -0.041221 0.796894 0.116510
vt 0.856562 0.954933
vn 0.237356 -0.178498 -0.954883
v -0.024164 0.769890 0.123534
vt 0.855271 0.950124
vn 0.201966 -0.193526 -0.960082
v 0.041572 0.795793 0.119374
vt 0.844147 0.955029
vn -0.059688 -0.181975 -0.981490
v 0.042260 0.887518 0.092883
vt 0.844147 0.967358
vn -0.130180 -0.274194 -0.952823
v -0.024164 0.769890 0.123534
vt 0.851809 0.950218
vn -0.030288 -0.089299 -0.995544
v 0.031196 0.767101 0.123460
vt 0.845049 0.950035
vn -0.009478 -0.137689 -0.990430
v -0.025085 0.795906 0.130958
vt 0.562381 0.842218
vn -0.566246 -0.427438 0.704743
v -0.024164 0.769890 0.123534
vt 0.578907 0.829153
vn -0.645062 -0.253838 0.720737
v -0.015427 0.810044 0.120712
vt 0.562235 0.834173
vn -0.191704 -0.979242 -0.065845
v -0.074982 0.987156 0.081691
vt 0.663243 0.832717
vn -0.550836 0.411851 -0.725919
v -0.075999 0.971003 0.092285
vt 0.656309 0.839749
vn -0.256465 -0.934609 -0.246440
v -0.014672 0.970455 0.051765
vt 0.693658 0.850423
vn 0.783064 -0.183429 -0.594276
v -0.109414 0.975949 0.117052
vt 0.637916 0.825112
vn -0.849730 -0.116543 0.514175
v -0.061519 0.994352 0.093227
vt 0.668768 0.824360
vn 0.251351 0.935833 0.247062
v -0.062535 0.978200 0.103821
vt 0.662119 0.816608
vn 0.465668 -0.262519 0.845126
v -0.075999 0.971003 0.092285
vt 0.655497 0.809148
vn -0.256465 -0.934609 -0.246440
v -0.014672 0.970455 0.051765
vt 0.693658 0.797071
vn 0.783064 -0.183429 -0.594276
v 0.101551 0.869655 0.096965
vt 0.697725 0.671988
vn 0.620419 0.168994 0.765847
v 0.103080 0.854623 0.099017
vt 0.691132 0.672298
vn 0.624058 0.119160 0.772239
v 0.089200 0.869642 0.106072
vt 0.698037 0.678624
vn 0.549278 0.168884 0.818396
v 0.134025 0.861004 0.066916
vt 0.693474 0.652942
vn 0.693170 0.166154 0.701362
v 0.089422 0.928181 0.093210
vt 0.723569 0.674015
vn 0.584464 0.171951 0.792991
v 0.090727 0.854609 0.108123
vt 0.691444 0.678934
vn 0.552081 0.123252 0.824631
v 0.058492 0.860917 0.124248
vt 0.695322 0.694292
vn 0.466947 0.165944 0.868575
v 0.102868 0.795986 0.101055
vt 0.665799 0.674111
vn 0.593145 0.025785 0.804683
v 0.126864 0.816263 0.071516
vt 0.693676 0.619206
vn 0.859235 0.096168 0.502461
v 0.127460 0.806841 0.071870
vt 0.687342 0.619056
vn 0.862785 0.050775 0.503015
v 0.121713 0.816234 0.079499
vt 0.693523 0.625576
vn 0.808485 0.094390 0.580898
v 0.137894 0.810607 0.048375
vt 0.690418 0.601905
vn 0.907108 0.072881 0.414539
v 0.121496 0.852748 0.070332
vt 0.718356 0.621011
vn 0.831706 0.139773 0.537334
v 0.122308 0.806814 0.079853
vt 0.687190 0.625426
vn 0.810266 0.051961 0.583754
v 0.106393 0.810437 0.097193
vt 0.689476 0.641234
vn 0.742249 0.071855 0.666260
v 0.126738 0.769904 0.073442
vt 0.662550 0.619683
vn 0.840174 0.006677 0.542276
v -0.094850 0.847714 0.105385
vt 0.694535 0.721104
vn -0.570739 0.063056 0.818707
v -0.095214 0.836929 0.105655
vt 0.687702 0.721231
vn -0.572292 0.016791 0.819878
v -0.103750 0.847867 0.099169
vt 0.694667 0.727976
vn -0.591937 0.064395 0.803408
v -0.072295 0.841091 0.121440
vt 0.690247 0.703600
vn -0.571708 0.039762 0.819493
v -0.097879 0.889789 0.097517
vt 0.721362 0.725388
vn -0.567729 0.111666 0.815607
v -0.104114 0.837082 0.099439
vt 0.687834 0.728103
vn -0.594150 0.016079 0.804193
v -0.126723 0.842024 0.080368
vt 0.691127 0.746801
vn -0.639007 0.040762 0.768120
v -0.101084 0.794939 0.099890
vt 0.661130 0.726507
vn -0.572713 -0.032403 0.819115
v 0.051982 0.731177 -0.005114
vt 0.967699 0.952233
vn -0.302952 -0.281148 0.910591
v 0.080413 0.742862 0.009154
vt 0.970154 0.953072
vn -0.090348 -0.837662 0.538665
v 0.000019 0.700574 -0.034296
vt 0.968332 0.945299
vn -0.011314 -0.835108 0.549970
v 0.025834 0.723760 -0.011365
vt 0.965587 0.951923
vn -0.024630 -0.536912 0.843278
v 0.000018 0.718880 -0.014478
vt 0.963563 0.951881
vn -0.000018 -0.207012 0.978338
v 0.095047 0.702653 -0.013435
vt 0.972079 0.948491
vn 0.511853 -0.585122 0.628999
v 0.138278 0.761476 -0.035289
vt 0.975341 0.951460
vn 0.970562 0.000980 0.240851
v 0.000019 0.700574 -0.034296
vt 0.938397 0.945299
vn -0.011314 -0.835108 0.549970
v -0.080376 0.742862 0.009154
vt 0.936576 0.953072
vn 0.090302 -0.837645 0.538699
v -0.051945 0.731178 -0.005114
vt 0.939030 0.952233
vn 0.302881 -0.281033 0.910650
v -0.025796 0.723759 -0.011365
vt 0.941142 0.951923
vn 0.024587 -0.537043 0.843196
v 0.000018 0.718880 -0.014478
vt 0.943167 0.951881
vn -0.000018 -0.207012 0.978338
v -0.095009 0.702653 -0.013434
vt 0.934651 0.948491
vn -0.524246 -0.551720 0.648669
v -0.138241 0.761477 -0.035289
vt 0.931389 0.951460
vn -0.978550 0.030782 0.203699
v 0.111595 1.029532 0.072264
vt 0.624165 0.717099
vn 0.184861 0.790149 0.584373
v 0.049844 0.977287 0.037369
vt 0.601307 0.711145
vn -0.664304 0.281445 0.692451
v 0.064877 0.980083 0.013412
vt 0.600016 0.716997
vn -0.271409 0.880963 -0.387610
v 0.075534 0.956095 -0.022599
vt 0.599789 0.727066
vn -0.303916 0.224984 -0.925752
v 0.075534 0.956095 -0.022599
vt 0.589620 0.714637
vn -0.303916 0.224984 -0.925752
v 0.018253 0.952497 0.014886
vt 0.591520 0.708441
vn -0.895545 0.170068 0.411188
v 0.034075 0.942780 -0.019543
vt 0.585041 0.712627
vn -0.719067 -0.176287 -0.672209
v 0.021595 0.937552 0.012674
vt 0.588422 0.705465
vn -0.703529 -0.256349 0.662822
v 0.050084 0.956891 0.021559
vt 0.596719 0.705778
vn -0.141240 -0.431805 0.890840
v 0.064737 0.968743 0.035733
vt 0.601988 0.707058
vn -0.108641 -0.527367 0.842663
v 0.100645 1.002661 0.055655
vt 0.615268 0.711097
vn -0.308533 -0.371536 0.875653
v 0.063768 0.923234 0.015408
vt 0.591675 0.696024
vn -0.272307 -0.141916 0.951687
v 0.074652 0.942084 0.020458
vt 0.597407 0.699322
vn -0.291727 -0.145600 0.945355
v 0.061301 0.912023 0.013128
vt 0.588950 0.693350
vn -0.313824 -0.122422 0.941556
v 0.119126 0.887644 0.038870
vt 0.596491 0.681464
vn 0.451081 -0.489433 0.746311
v 0.104153 0.921744 0.034999
vt 0.599267 0.690647
vn -0.495229 -0.123632 0.859921
v 0.109597 0.880973 0.033597
vt 0.594185 0.679765
vn 0.053389 -0.665068 0.744872
v 0.105153 0.957490 0.045930
vt 0.606679 0.699081
vn -0.536727 -0.220249 0.814503
v 0.122581 0.957037 0.055720
vt 0.609936 0.696604
vn 0.429937 -0.194799 0.881594
v 0.128306 0.893636 -0.015347
vt 0.603991 0.675190
vn 0.806990 -0.363927 -0.465107
v 0.117606 0.886202 -0.013702
vt 0.601703 0.672785
vn 0.457498 -0.760311 -0.461110
v 0.128407 0.962394 0.029441
vt 0.615003 0.693528
vn 0.971472 0.193818 -0.136662
v 0.075534 0.956095 -0.022599
vt 0.624165 0.690755
vn -0.303916 0.224984 -0.925752
v 0.075534 0.956095 -0.022599
vt 0.619400 0.673243
vn -0.303916 0.224984 -0.925752
v 0.083156 0.922463 -0.040891
vt 0.615690 0.670341
vn -0.109578 -0.360828 -0.926173
v 0.100645 1.002661 0.055655
vt 0.946736 0.970608
vn -0.330327 -0.323041 0.886865
v 0.088056 0.965923 0.037588
vt 0.942576 0.953225
vn -0.362427 -0.354910 0.861792
v 0.064737 0.968743 0.035733
vt 0.935764 0.954545
vn -0.135928 -0.610311 0.780413
v 0.050084 0.956891 0.021559
vt 0.930948 0.948232
vn -0.210709 -0.549357 0.808584
v 0.105153 0.957490 0.045930
vt 0.948477 0.949989
vn -0.517097 -0.233913 0.823344
v 0.074652 0.942084 0.020458
vt 0.938025 0.941593
vn -0.407044 -0.370968 0.834684
v 0.104153 0.921744 0.034999
vt 0.948477 0.933627
vn -0.545520 -0.245750 0.801258
v 0.083156 0.922463 -0.040891
vt 0.576059 0.723821
vn -0.109578 -0.360828 -0.926173
v 0.075534 0.956095 -0.022599
vt 0.580377 0.726201
vn -0.303916 0.224984 -0.925752
v -0.064839 0.980082 0.013412
vt 0.600016 0.643564
vn 0.271445 0.881021 -0.387453
v -0.049808 0.977287 0.037369
vt 0.601307 0.637712
vn 0.664165 0.281500 0.692562
v -0.111558 1.029532 0.072265
vt 0.624165 0.643666
vn -0.184912 0.790164 0.584336
v -0.075498 0.956095 -0.022599
vt 0.599789 0.653633
vn 0.498157 0.468032 -0.729922
v -0.075498 0.956095 -0.022599
vt 0.589620 0.641204
vn 0.498157 0.468032 -0.729922
v -0.064699 0.968743 0.035733
vt 0.601988 0.633625
vn 0.108592 -0.527349 0.842681
v -0.100608 1.002661 0.055655
vt 0.615268 0.637664
vn 0.308477 -0.371526 0.875677
v -0.050046 0.956892 0.021559
vt 0.596719 0.632345
vn 0.141190 -0.431791 0.890855
v -0.018216 0.952497 0.014886
vt 0.591520 0.635008
vn 0.895488 0.170173 0.411269
v -0.034038 0.942780 -0.019544
vt 0.585041 0.639194
vn 0.719084 -0.176339 -0.672177
v -0.083119 0.922464 -0.040891
vt 0.576059 0.650388
vn 0.109581 -0.360879 -0.926152
v -0.021556 0.937551 0.012674
vt 0.588422 0.632032
vn 0.703404 -0.256240 0.662996
v -0.063730 0.923234 0.015408
vt 0.591675 0.622591
vn 0.272257 -0.141912 0.951702
v -0.074612 0.942084 0.020458
vt 0.597407 0.625889
vn 0.291677 -0.145596 0.945371
v -0.061264 0.912023 0.013128
vt 0.588950 0.619917
vn 0.313774 -0.122419 0.941573
v -0.119087 0.887644 0.038870
vt 0.596491 0.608031
vn -0.451140 -0.489440 0.746271
v -0.104114 0.921744 0.034999
vt 0.599267 0.617213
vn 0.495176 -0.123630 0.859952
v -0.109558 0.880973 0.033597
vt 0.594185 0.606332
vn -0.053435 -0.665089 0.744850
v -0.128269 0.893636 -0.015347
vt 0.603991 0.601757
vn -0.806994 -0.363979 -0.465059
v -0.117568 0.886201 -0.013702
vt 0.601703 0.599352
vn -0.457396 -0.760311 -0.461213
v -0.075498 0.956095 -0.022599
vt 0.619400 0.599810
vn 0.498157 0.468032 -0.729922
v -0.083119 0.922464 -0.040891
vt 0.615690 0.596908
vn 0.109581 -0.360879 -0.926152
v -0.128369 0.962395 0.029442
vt 0.615003 0.668695
vn -0.971509 0.193674 -0.136605
v -0.111558 1.029532 0.072265
vt 0.624165 0.692266
vn -0.184912 0.790164 0.584336
v -0.122542 0.957037 0.055720
vt 0.609936 0.671771
vn -0.429991 -0.194803 0.881566
v -0.075498 0.956095 -0.022599
vt 0.624165 0.665923
vn 0.498157 0.468032 -0.729922
v -0.128269 0.893636 -0.015347
vt 0.603991 0.650357
vn -0.806994 -0.363979 -0.465059
v -0.100608 1.002661 0.055655
vt 0.615268 0.686264
vn 0.308477 -0.371526 0.875677
v -0.119087 0.887644 0.038870
vt 0.596491 0.656631
vn -0.451140 -0.489440 0.746271
v -0.105116 0.957490 0.045931
vt 0.606679 0.674248
vn 0.536672 -0.220246 0.814540
v -0.104114 0.921744 0.034999
vt 0.599267 0.665814
vn 0.495176 -0.123630 0.859952
v -0.064699 0.968743 0.035733
vt 0.969383 0.950273
vn 0.135878 -0.610344 0.780396
v -0.088019 0.965924 0.037588
vt 0.976195 0.948952
vn 0.362370 -0.354901 0.861820
v -0.100608 1.002661 0.055655
vt 0.980354 0.966336
vn 0.330271 -0.323033 0.886888
v -0.105116 0.957490 0.045931
vt 0.982096 0.945717
vn 0.517042 -0.233910 0.823380
v -0.050046 0.956892 0.021559
vt 0.964567 0.943960
vn 0.210655 -0.549341 0.808609
v -0.104114 0.921744 0.034999
vt 0.982096 0.929355
vn 0.545465 -0.245747 0.801297
v -0.074612 0.942084 0.020458
vt 0.971644 0.937320
vn 0.406986 -0.370960 0.834716
v 0.138278 0.761476 -0.035289
vt 0.798379 0.792533
vn 0.970562 0.000980 0.240851
v 0.155851 0.805034 -0.030123
vt 0.812790 0.812340
vn 0.875893 -0.047017 -0.480210
v 0.108299 0.819347 -0.114405
vt 0.841776 0.802684
vn 0.661880 0.090327 -0.744147
v 0.100350 0.896859 -0.102848
vt 0.847261 0.822013
vn 0.620959 0.339810 -0.706356
v 0.138592 0.914676 -0.018333
vt 0.825377 0.842576
vn 0.841395 0.442299 -0.310524
v 0.076490 0.950895 -0.078532
vt 0.853987 0.835964
vn 0.523570 0.659299 -0.539629
v 0.096544 0.960548 -0.021255
vt 0.842693 0.852454
vn 0.621134 0.752708 -0.218228
v 0.041386 0.985837 -0.031410
vt 0.860473 0.854670
vn 0.310425 0.920430 -0.237580
v 0.000018 0.976583 -0.078932
vt 0.865385 0.843460
vn 0.000000 0.972238 -0.233995
v 0.000017 0.896847 -0.151038
vt 0.871334 0.817373
vn -0.000606 0.281691 -0.959505
v 0.000018 0.976583 -0.078932
vt 0.871744 0.831796
vn 0.000000 0.972238 -0.233995
v -0.076451 0.950896 -0.078532
vt 0.889708 0.834949
vn -0.524618 0.663168 -0.533839
v 0.000022 0.819349 -0.157200
vt 0.870813 0.799079
vn 0.000000 0.131210 -0.991355
v -0.100312 0.896859 -0.102848
vt 0.895631 0.820638
vn -0.620856 0.340092 -0.706311
v 0.000019 0.739598 -0.168424
vt 0.870242 0.778984
vn 0.000000 0.208205 -0.978085
v 0.000018 0.976583 -0.078932
vt 0.878755 0.843080
vn 0.000000 0.972238 -0.233995
v -0.041350 0.985836 -0.031410
vt 0.884296 0.853992
vn -0.313442 0.919273 -0.238100
v -0.096505 0.960547 -0.021255
vt 0.901921 0.850770
vn -0.621110 0.752650 -0.218496
v -0.138554 0.914675 -0.018334
vt 0.918648 0.839924
vn -0.840932 0.443192 -0.310507
v -0.155813 0.805034 -0.030122
vt 0.929497 0.809022
vn -0.875799 -0.047373 -0.480346
v -0.108260 0.819347 -0.114405
vt 0.900008 0.801029
vn -0.661804 0.090375 -0.744210
v -0.138241 0.761477 -0.035289
vt 0.942759 0.788428
vn -0.978550 0.030782 0.203699
v -0.098890 0.739598 -0.129646
vt 0.897645 0.780245
vn -0.511695 0.337262 -0.790204
v -0.186625 0.646771 -0.180582
vt 0.910578 0.765232
vn -0.621900 -0.358303 -0.696318
v -0.161231 0.656402 -0.063127
vt 0.925250 0.754126
vn -0.764943 -0.147342 0.627019
v -0.095009 0.702653 -0.013434
vt 0.954139 0.773038
vn -0.524246 -0.551720 0.648669
v -0.112671 0.650973 -0.155900
vt 0.899087 0.758276
vn -0.247228 0.176892 -0.952674
v -0.098790 0.646554 -0.058561
vt 0.943552 0.744511
vn -0.069911 -0.434552 0.897929
v 0.000019 0.650973 -0.186927
vt 0.869619 0.757080
vn 0.000000 0.319526 -0.947577
v -0.151072 0.572411 -0.182164
vt 0.901498 0.734679
vn -0.554841 -0.287650 -0.780646
v -0.216180 0.577840 -0.089387
vt 0.912705 0.737329
vn -0.924138 -0.139818 0.355555
v -0.132462 0.567992 -0.094405
vt 0.920542 0.716863
vn 0.028793 -0.751942 0.658600
v -0.181174 0.536771 -0.121985
vt 0.910095 0.733460
vn -0.284288 -0.957021 -0.057369
v 0.000019 0.572411 -0.213190
vt 0.868919 0.732470
vn 0.000000 -0.104439 -0.994531
v 0.000019 0.520512 -0.178039
vt 0.868408 0.714474
vn 0.000000 -0.967445 -0.253082
v 0.151110 0.572411 -0.182163
vt 0.836519 0.736526
vn 0.554855 -0.287706 -0.780616
v 0.112708 0.650973 -0.155900
vt 0.840267 0.759948
vn 0.247236 0.176940 -0.952663
v 0.216218 0.577840 -0.089388
vt 0.825481 0.739810
vn 0.924118 -0.139821 0.355607
v 0.181213 0.536770 -0.121986
vt 0.827867 0.735798
vn 0.284278 -0.957026 -0.057327
v 0.132500 0.567992 -0.094406
vt 0.816493 0.719821
vn -0.028838 -0.751963 0.658574
v 0.161269 0.656403 -0.063127
vt 0.813911 0.757292
vn 0.764781 -0.148106 0.627037
v 0.098828 0.646555 -0.058561
vt 0.795092 0.748732
vn 0.069680 -0.434321 0.898059
v 0.098930 0.739598 -0.129646
vt 0.842955 0.781800
vn 0.511707 0.337319 -0.790172
v 0.186663 0.646771 -0.180585
vt 0.829190 0.767546
vn 0.622564 -0.358719 -0.695510
v 0.095047 0.702653 -0.013435
vt 0.786143 0.777814
vn 0.511853 -0.585122 0.628999
v 0.000019 0.700574 -0.034296
vt 0.967235 0.969314
vn -0.011314 -0.835108 0.549970
v 0.095047 0.702653 -0.013435
vt 0.975254 0.969044
vn 0.511853 -0.585122 0.628999
v 0.098828 0.646555 -0.058561
vt 0.976066 0.952649
vn 0.069680 -0.434321 0.898059
v 0.000020 0.648112 -0.064205
vt 0.956786 0.952590
vn -0.000020 -0.426729 0.904379
v 0.000019 0.569549 -0.100050
vt 0.956786 0.931347
vn -0.000022 -0.664761 0.747056
v 0.132500 0.567992 -0.094406
vt 0.982865 0.931818
vn -0.028838 -0.751963 0.658574
v 0.000019 0.520512 -0.178039
vt 0.956786 0.913247
vn 0.000000 -0.967445 -0.253082
v -0.132462 0.567992 -0.094405
vt 0.930707 0.931818
vn 0.028793 -0.751942 0.658600
v -0.098790 0.646554 -0.058561
vt 0.937506 0.952649
vn -0.069911 -0.434552 0.897929
v 0.000019 0.700574 -0.034296
vt 0.946337 0.969314
vn -0.011314 -0.835108 0.549970
v -0.095009 0.702653 -0.013434
vt 0.938318 0.969044
vn -0.524246 -0.551720 0.648669
v 0.151110 0.572411 -0.182163
vt 0.815346 0.977569
vn 0.554855 -0.287706 -0.780616
v 0.000019 0.520512 -0.178039
vt 0.847235 0.955516
vn 0.000000 -0.967445 -0.253082
v 0.132500 0.567992 -0.094406
vt 0.795321 0.960864
vn -0.028838 -0.751963 0.658574
v 0.181213 0.536770 -0.121986
vt 0.806694 0.976840
vn 0.284278 -0.957026 -0.057327
v -0.151072 0.572411 -0.182164
vt 0.880326 0.975721
vn -0.554841 -0.287650 -0.780646
v -0.132462 0.567992 -0.094405
vt 0.899370 0.957905
vn 0.028793 -0.751942 0.658600
v -0.181174 0.536771 -0.121985
vt 0.888923 0.974502
vn -0.284288 -0.957021 -0.057369
v -0.161231 0.656402 -0.063127
vt 0.962709 0.946308
vn -0.764943 -0.147342 0.627019
v -0.112671 0.650973 -0.155900
vt 0.936547 0.950458
vn -0.247228 0.176892 -0.952674
v -0.186625 0.646771 -0.180582
vt 0.948037 0.957414
vn -0.621900 -0.358303 -0.696318
v 0.112708 0.650973 -0.155900
vt 0.877726 0.952131
vn 0.247236 0.176940 -0.952663
v 0.161269 0.656403 -0.063127
vt 0.851370 0.949474
vn 0.764781 -0.148106 0.627037
v 0.186663 0.646771 -0.180585
vt 0.866649 0.959728
vn 0.622564 -0.358719 -0.695510
v -0.050551 0.887519 0.092883
vt 0.825305 0.977547
vn 0.117064 -0.881181 -0.458057
v -0.080634 0.804000 0.115069
vt 0.823774 0.964975
vn -0.777174 -0.125044 0.616737
v -0.053465 0.865893 0.093664
vt 0.825305 0.977547
vn 0.570397 -0.242248 -0.784833
v -0.062906 0.777098 0.114011
vt 0.823774 0.964975
vn -0.582794 -0.812086 0.029449
v 0.051933 0.839245 0.102728
vt 0.267063 0.348814
vn 0.069366 0.079871 0.994389
v 0.073534 0.839245 0.096940
vt 0.314279 0.348814
vn 0.388197 0.073797 0.918617
v 0.051933 0.825297 0.103848
vt 0.267063 0.318172
vn 0.043094 0.057978 0.997387
v 0.040088 0.839245 0.101255
vt 0.241483 0.348814
vn -0.564699 0.023877 0.824951
v 0.073534 0.825297 0.098060
vt 0.314279 0.318172
vn 0.386561 0.065463 0.919938
v 0.040088 0.825297 0.101255
vt 0.241483 0.318172
vn -0.585225 -0.000021 0.810871
v 0.035619 0.839245 0.093733
vt 0.236898 0.348814
vn -0.859732 -0.000021 0.510745
v 0.035619 0.825297 0.093733
vt 0.236898 0.318172
vn -0.859732 -0.000021 0.510745
v 0.103146 0.839245 0.079489
vt 0.388069 0.348814
vn 0.723150 0.008573 0.690638
v 0.103146 0.825297 0.079489
vt 0.388069 0.318172
vn 0.725500 -0.000022 0.688223
v 0.105256 0.825297 0.075693
vt 0.392168 0.318172
vn 0.654080 -0.546513 -0.522975
v 0.105256 0.839245 0.075693
vt 0.392168 0.348814
vn 0.654127 0.546613 -0.522812
v 0.051933 0.828649 0.101333
vt 0.291604 0.302851
vn 0.258775 0.019996 0.965731
v 0.073534 0.828649 0.095545
vt 0.339381 0.302851
vn 0.258775 0.019996 0.965731
v 0.051933 0.791977 0.102093
vt 0.291604 0.227546
vn 0.258694 -0.026238 0.965603
v 0.073534 0.791977 0.096305
vt 0.339381 0.227546
vn 0.258669 -0.026705 0.965597
v 0.073534 0.758657 0.093784
vt 0.339381 0.159026
vn 0.197979 -0.643776 0.739159
v 0.051933 0.758657 0.099572
vt 0.291604 0.159026
vn 0.173244 -0.742650 0.646883
v -0.051895 0.825297 0.103848
vt 0.158972 0.318172
vn -0.043128 0.057980 0.997386
v -0.073497 0.839245 0.096940
vt 0.111756 0.348814
vn -0.388248 0.073799 0.918595
v -0.051895 0.839245 0.102728
vt 0.158972 0.348814
vn -0.069403 0.079874 0.994386
v -0.040051 0.839245 0.101255
vt 0.184553 0.348814
vn 0.564650 0.023877 0.824985
v -0.073497 0.825297 0.098060
vt 0.111756 0.318172
vn -0.386611 0.065465 0.919916
v -0.040051 0.825297 0.101255
vt 0.184553 0.318172
vn 0.585177 -0.000021 0.810906
v -0.035582 0.839245 0.093733
vt 0.189138 0.348814
vn 0.859703 -0.000021 0.510794
v -0.035582 0.825297 0.093733
vt 0.189138 0.318172
vn 0.859703 -0.000021 0.510794
v -0.103109 0.839245 0.079489
vt 0.037966 0.348814
vn -0.723192 0.008573 0.690593
v -0.103109 0.825297 0.079489
vt 0.037966 0.318172
vn -0.725542 -0.000022 0.688178
v -0.105219 0.825297 0.075693
vt 0.033867 0.318172
vn -0.654079 -0.546565 -0.522922
v -0.105219 0.839245 0.075693
vt 0.033867 0.348814
vn -0.654127 0.546561 -0.522865
v -0.051895 0.791977 0.102093
vt 0.134431 0.227546
vn -0.258739 -0.026238 0.965591
v -0.073497 0.828649 0.095545
vt 0.086654 0.302851
vn -0.258820 0.019997 0.965719
v -0.051895 0.828649 0.101333
vt 0.134431 0.302851
vn -0.258820 0.019997 0.965719
v -0.073497 0.791977 0.096305
vt 0.086654 0.227546
vn -0.258715 -0.026706 0.965585
v -0.073497 0.758657 0.093784
vt 0.086654 0.159026
vn -0.198136 -0.643622 0.739252
v -0.051895 0.758657 0.099572
vt 0.134431 0.159026
vn -0.173402 -0.742523 0.646986
v 0.047485 0.779498 0.072438
vt 0.236735 0.205087
vn -0.194810 0.009366 -0.980796
v 0.052924 0.801529 0.071568
vt 0.243409 0.233528
vn -0.194810 0.009366 -0.980796
v 0.029747 0.783472 0.075998
vt 0.214968 0.210217
vn -0.194810 0.009366 -0.980796
v 0.031529 0.783657 0.076946
vt 0.217154 0.210457
vn 0.200603 -0.017526 0.979516
v 0.052028 0.800330 0.073046
vt 0.242310 0.231981
vn 0.200603 -0.017526 0.979516
v 0.046627 0.781026 0.073807
vt 0.235682 0.207059
vn 0.200603 -0.017526 0.979516
v 0.031529 0.783657 0.076946
vt 0.217154 0.260371
vn -0.121521 -0.905884 0.405718
v 0.047485 0.779498 0.072438
vt 0.236735 0.255002
vn -0.121521 -0.905884 0.405718
v 0.029747 0.783472 0.075998
vt 0.214968 0.260132
vn -0.121521 -0.905884 0.405718
v 0.052028 0.800330 0.073046
vt 0.242310 0.281896
vn -0.550324 0.779670 0.298761
v 0.029747 0.783472 0.075998
vt 0.214968 0.260132
vn -0.550324 0.779670 0.298761
v 0.052924 0.801529 0.071568
vt 0.243409 0.283443
vn -0.550324 0.779670 0.298761
v 0.052028 0.800330 0.073046
vt 0.242310 0.281896
vn 0.731415 -0.178732 0.658094
v 0.047485 0.779498 0.072438
vt 0.236735 0.255002
vn 0.731415 -0.178732 0.658094
v 0.046627 0.781026 0.073807
vt 0.235682 0.256974
vn 0.731415 -0.178732 0.658094
v 0.046627 0.781026 0.073807
vt 0.235682 0.256974
vn 0.043375 -0.653100 0.756029
v 0.047485 0.779498 0.072438
vt 0.236735 0.255002
vn 0.043375 -0.653100 0.756029
v 0.031529 0.783657 0.076946
vt 0.217154 0.260371
vn 0.043375 -0.653100 0.756029
v 0.031529 0.783657 0.076946
vt 0.217154 0.260371
vn -0.408121 0.651370 0.639651
v 0.029747 0.783472 0.075998
vt 0.214968 0.260132
vn -0.408121 0.651370 0.639651
v 0.052028 0.800330 0.073046
vt 0.242310 0.281896
vn -0.408121 0.651370 0.639651
v 0.052924 0.801529 0.071568
vt 0.243409 0.283443
vn 0.902073 -0.207699 0.378318
v 0.047485 0.779498 0.072438
vt 0.236735 0.255002
vn 0.902073 -0.207699 0.378318
v 0.052028 0.800330 0.073046
vt 0.242310 0.281896
vn 0.902073 -0.207699 0.378318
v -0.029710 0.783472 0.075998
vt 0.210735 0.210217
vn 0.194817 0.009403 -0.980794
v -0.052886 0.801529 0.071568
vt 0.182293 0.233528
vn 0.194817 0.009403 -0.980794
v -0.047448 0.779498 0.072438
vt 0.188967 0.205087
vn 0.194817 0.009403 -0.980794
v -0.046589 0.781026 0.073807
vt 0.190021 0.207059
vn -0.200646 -0.017526 0.979507
v -0.051990 0.800330 0.073046
vt 0.183393 0.231981
vn -0.200646 -0.017526 0.979507
v -0.031491 0.783657 0.076946
vt 0.208549 0.210457
vn -0.200646 -0.017526 0.979507
v -0.029710 0.783472 0.075998
vt 0.210735 0.260132
vn 0.121476 -0.905873 0.405757
v -0.047448 0.779498 0.072438
vt 0.188967 0.255002
vn 0.121476 -0.905873 0.405757
v -0.031491 0.783657 0.076946
vt 0.208549 0.260371
vn 0.121476 -0.905873 0.405757
v -0.052886 0.801529 0.071568
vt 0.182293 0.283443
vn 0.550282 0.779680 0.298814
v -0.029710 0.783472 0.075998
vt 0.210735 0.260132
vn 0.550282 0.779680 0.298814
v -0.051990 0.800330 0.073046
vt 0.183393 0.281896
vn 0.550282 0.779680 0.298814
v -0.046589 0.781026 0.073807
vt 0.190021 0.256974
vn -0.731460 -0.178731 0.658044
v -0.047448 0.779498 0.072438
vt 0.188967 0.255002
vn -0.731460 -0.178731 0.658044
v -0.051990 0.800330 0.073046
vt 0.183393 0.281896
vn -0.731460 -0.178731 0.658044
v -0.031491 0.783657 0.076946
vt 0.208549 0.260371
vn -0.043420 -0.653121 0.756008
v -0.047448 0.779498 0.072438
vt 0.188967 0.255002
vn -0.043420 -0.653121 0.756008
v -0.046589 0.781026 0.073807
vt 0.190021 0.256974
vn -0.043420 -0.653121 0.756008
v -0.051990 0.800330 0.073046
vt 0.183393 0.281896
vn 0.408064 0.651363 0.639695
v -0.029710 0.783472 0.075998
vt 0.210735 0.260132
vn 0.408064 0.651363 0.639695
v -0.031491 0.783657 0.076946
vt 0.208549 0.260371
vn 0.408064 0.651363 0.639695
v -0.051990 0.800330 0.073046
vt 0.183393 0.281896
vn -0.902097 -0.207694 0.378264
v -0.047448 0.779498 0.072438
vt 0.188967 0.255002
vn -0.902097 -0.207694 0.378264
v -0.052886 0.801529 0.071568
vt 0.182293 0.283443
vn -0.902097 -0.207694 0.378264
v 0.052186 0.791815 0.071862
vt 0.347536 0.067884
vn 0.527581 -0.000021 0.849505
v 0.049225 0.799216 0.072655
vt 0.333447 0.100893
vn 0.445594 0.204903 0.871471
v 0.053009 0.791815 0.071113
vt 0.352676 0.067979
vn 0.672816 -0.000022 0.739810
v 0.049768 0.799915 0.071981
vt 0.337006 0.104528
vn 0.543040 0.324040 0.774665
v 0.049768 0.783715 0.071981
vt 0.337947 0.030865
vn 0.543052 -0.324098 0.774632
v 0.042076 0.802281 0.074571
vt 0.300152 0.114294
vn 0.247682 0.289755 0.924498
v 0.041944 0.803271 0.074078
vt 0.300140 0.119435
vn 0.229963 0.458345 0.858509
v 0.042076 0.791815 0.074571
vt 0.300549 0.067305
vn 0.258776 -0.000019 0.965937
v 0.049225 0.784414 0.072655
vt 0.334226 0.034447
vn 0.445607 -0.204956 0.871451
v 0.041944 0.780360 0.074078
vt 0.301104 0.015033
vn 0.229967 -0.458401 0.858478
v 0.034928 0.799216 0.076486
vt 0.266998 0.100292
vn 0.049768 0.204882 0.977521
v 0.034120 0.799915 0.076174
vt 0.263339 0.103938
vn -0.083135 0.324077 0.942371
v 0.031967 0.791815 0.077280
vt 0.253494 0.066816
vn -0.032226 -0.000016 0.999481
v 0.030879 0.791815 0.077043
vt 0.248276 0.066774
vn -0.212820 -0.000018 0.977091
v 0.042076 0.781349 0.074571
vt 0.301038 0.020250
vn 0.247689 -0.289807 0.924479
v 0.034120 0.783715 0.076174
vt 0.263941 0.029929
vn -0.083137 -0.324126 0.942354
v 0.034928 0.784414 0.076486
vt 0.267527 0.033590
vn 0.049770 -0.204926 0.977511
v -0.049731 0.799915 0.071981
vt 0.152539 0.104528
vn -0.543096 0.324044 0.774624
v -0.049187 0.799216 0.072655
vt 0.156098 0.100893
vn -0.445649 0.204907 0.871441
v -0.052972 0.791815 0.071113
vt 0.136869 0.067979
vn -0.672861 -0.000022 0.739769
v -0.052148 0.791815 0.071862
vt 0.142009 0.067884
vn -0.527630 -0.000021 0.849474
v -0.049731 0.783715 0.071981
vt 0.151598 0.030865
vn -0.543108 -0.324101 0.774591
v -0.042038 0.802281 0.074571
vt 0.189393 0.114294
vn -0.247734 0.289763 0.924481
v -0.041906 0.803271 0.074078
vt 0.189405 0.119435
vn -0.230017 0.458358 0.858487
v -0.042038 0.791815 0.074571
vt 0.188996 0.067305
vn -0.258820 -0.000019 0.965926
v -0.049187 0.784414 0.072655
vt 0.155319 0.034447
vn -0.445663 -0.204960 0.871422
v -0.041906 0.780360 0.074078
vt 0.188441 0.015033
vn -0.230022 -0.458414 0.858456
v -0.034890 0.799216 0.076486
vt 0.222547 0.100292
vn -0.049807 0.204890 0.977517
v -0.034082 0.799915 0.076174
vt 0.226206 0.103938
vn 0.083091 0.324066 0.942379
v -0.042038 0.781349 0.074571
vt 0.188507 0.020250
vn -0.247741 -0.289816 0.924462
v -0.034082 0.783715 0.076174
vt 0.225604 0.029929
vn 0.083093 -0.324115 0.942361
v -0.034890 0.784414 0.076486
vt 0.222018 0.033590
vn -0.049809 -0.204933 0.977508
v -0.030841 0.791815 0.077043
vt 0.241269 0.066774
vn 0.212778 -0.000018 0.977101
v -0.031929 0.791815 0.077280
vt 0.236051 0.066816
vn 0.032194 -0.000016 0.999482
v 0.054048 0.799657 0.069520
vt 0.244928 0.174869
vn 0.487951 0.079283 0.869263
v 0.038649 0.789707 0.076083
vt 0.225961 0.159527
vn -0.153414 0.512386 0.844941
v 0.038566 0.790585 0.073883
vt 0.225170 0.162185
vn -0.457036 0.820022 0.344503
v 0.031595 0.784186 0.077279
vt 0.220263 0.155247
vn -0.468417 -0.174111 0.866182
v 0.029807 0.783729 0.075368
vt 0.216801 0.154380
vn -0.654848 -0.313010 0.687895
v 0.043538 0.787189 0.074818
vt 0.232306 0.155991
vn 0.527905 -0.012232 0.849215
v 0.043691 0.787657 0.071945
vt 0.236375 0.156144
vn 0.984119 0.159300 0.078317
v 0.056000 0.781704 0.067293
vt 0.244928 0.140789
vn 0.557715 -0.107628 0.823025
v 0.041305 0.783163 0.074837
vt 0.228059 0.151761
vn 0.183675 -0.654912 0.733044
v 0.041864 0.782459 0.072336
vt 0.228266 0.148848
vn 0.020386 -0.961155 0.275254
v -0.038528 0.790585 0.073883
vt 0.201899 0.162185
vn 0.456989 0.820027 0.344554
v -0.038611 0.789707 0.076083
vt 0.201108 0.159527
vn 0.153363 0.512370 0.844960
v -0.054011 0.799657 0.069520
vt 0.182141 0.174869
vn -0.488055 0.079286 0.869204
v -0.031558 0.784186 0.077279
vt 0.206806 0.155247
vn 0.468363 -0.174108 0.866212
v -0.029769 0.783729 0.075368
vt 0.210268 0.154380
vn 0.654796 -0.313010 0.687944
v -0.043501 0.787189 0.074818
vt 0.194763 0.155991
vn -0.527955 -0.012233 0.849184
v -0.043653 0.787657 0.071945
vt 0.190694 0.156144
vn -0.984123 0.159295 0.078277
v -0.055963 0.781704 0.067293
vt 0.182141 0.140789
vn -0.557767 -0.107629 0.822990
v -0.041267 0.783163 0.074837
vt 0.199010 0.151761
vn -0.183728 -0.654929 0.733015
v -0.041826 0.782459 0.072336
vt 0.198803 0.148848
vn -0.020424 -0.961165 0.275218
v -0.005152 0.775671 0.064048
vt 0.363209 0.979806
vn -0.000021 -0.500047 0.865998
v 0.000019 0.771648 0.061725
vt 0.374389 0.952816
vn -0.000021 -0.500047 0.865998
v 0.005190 0.772338 0.062123
vt 0.385568 0.957447
vn -0.000021 -0.500047 0.865998
v -0.122385 0.760295 0.055860
vt 0.172392 0.483064
vn -0.733167 -0.627371 0.262434
v -0.133216 0.803571 0.055683
vt 0.156635 0.553425
vn -0.771921 0.176558 0.610709
v -0.122385 0.760295 0.055860
vt 0.172392 0.475923
vn -0.733167 -0.627371 0.262434
v 0.122424 0.760295 0.055860
vt 0.192429 0.483064
vn 0.733180 -0.627333 0.262489
v 0.122424 0.760295 0.055860
vt 0.192429 0.475923
vn 0.733180 -0.627333 0.262489
v 0.133255 0.803571 0.055683
vt 0.208186 0.553425
vn 0.771889 0.176456 0.610779
v 0.140570 1.009829 -0.028127
vt 0.877653 0.599756
vn 0.000006 0.270495 0.962722
v 0.098390 0.992426 -0.026574
vt 0.876310 0.594095
vn -0.129998 0.216858 0.967509
v 0.140570 1.026177 -0.045586
vt 0.874678 0.601831
vn -0.000002 0.729920 0.683533
v 0.085780 1.003571 -0.043570
vt 0.872908 0.593729
vn -0.471147 0.535546 0.700865
v 0.195360 1.003571 -0.043570
vt 0.881910 0.606653
vn 0.471192 0.535564 0.700820
v 0.112510 0.976949 -0.041194
vt 0.879408 0.594568
vn 0.441112 -0.369904 0.817674
v 0.100885 0.948998 -0.038700
vt 0.881071 0.591608
vn 0.623762 0.069471 0.778520
v 0.140570 0.988525 -0.042226
vt 0.880156 0.597955
vn 0.000054 -0.551931 0.833889
v 0.080923 0.950414 -0.022826
vt 0.879210 0.589120
vn -0.183861 0.087360 0.979062
v 0.112510 0.921048 -0.036206
vt 0.884321 0.590814
vn 0.441120 0.508751 0.739314
v 0.063083 0.948998 -0.038700
vt 0.876936 0.586343
vn -0.666286 0.066277 0.742745
v 0.182750 0.992426 -0.026574
vt 0.882658 0.602976
vn 0.129986 0.216870 0.967508
v 0.218057 0.948998 -0.038700
vt 0.890669 0.604471
vn 0.666308 0.066303 0.742724
v 0.168630 0.976949 -0.041194
vt 0.883146 0.599725
vn -0.441074 -0.369915 0.817690
v 0.200217 0.950414 -0.022826
vt 0.888518 0.601434
vn 0.183886 0.087383 0.979056
v 0.195360 0.894426 -0.033830
vt 0.894759 0.596628
vn 0.471227 -0.403011 0.784555
v 0.180255 0.948998 -0.038700
vt 0.886549 0.598917
vn -0.623771 0.069472 0.778513
v 0.182750 0.908402 -0.019078
vt 0.891264 0.596185
vn 0.130006 -0.042218 0.990614
v 0.140570 0.871822 -0.031815
vt 0.892256 0.588693
vn 0.000034 -0.597460 0.801898
v 0.168630 0.921048 -0.036206
vt 0.888167 0.595804
vn -0.441044 0.508723 0.739379
v 0.140570 0.891001 -0.017525
vt 0.889570 0.590646
vn 0.000017 -0.095823 0.995398
v 0.085780 0.894426 -0.033830
vt 0.885161 0.584771
vn -0.471144 -0.403004 0.784609
v 0.140570 0.909472 -0.035173
vt 0.887144 0.592554
vn 0.000027 0.690735 0.723108
v 0.098390 0.908402 -0.019078
vt 0.884688 0.587869
vn -0.129984 -0.042226 0.990617
v 0.085780 1.003571 -0.043570
vt 0.872908 0.593729
vn -0.471188 0.403099 -0.784533
v 0.098390 0.989594 -0.058322
vt 0.867262 0.592828
vn -0.130040 0.042252 -0.990608
v 0.140570 1.026177 -0.045586
vt 0.874678 0.601831
vn 0.000043 0.597507 -0.801864
v 0.140570 1.006995 -0.059874
vt 0.869032 0.605692
vn 0.000135 0.095863 -0.995395
v 0.195360 1.003571 -0.043570
vt 0.881910 0.606653
vn 0.471155 0.403026 -0.784591
v 0.080923 0.947583 -0.054573
vt 0.873671 0.582071
vn -0.183914 -0.087473 -0.979042
v 0.063083 0.948998 -0.038700
vt 0.876936 0.586343
vn -0.666359 -0.066387 -0.742670
v 0.112510 0.976949 -0.041194
vt 0.852903 0.591196
vn 0.441174 -0.508749 -0.739283
v 0.100885 0.948998 -0.038700
vt 0.859113 0.563546
vn 0.623808 -0.069463 -0.778485
v 0.140570 0.988525 -0.042226
vt 0.854459 0.616281
vn 0.000104 -0.690807 -0.723039
v 0.112510 0.921048 -0.036206
vt 0.888716 0.560494
vn 0.441058 0.369927 -0.817693
v 0.182750 0.989594 -0.058322
vt 0.880934 0.612024
vn 0.129986 0.042217 -0.990617
v 0.218057 0.948998 -0.038700
vt 0.890669 0.604471
vn 0.666281 -0.066246 -0.742752
v 0.168630 0.976949 -0.041194
vt 0.878004 0.634730
vn -0.441052 -0.508882 -0.739264
v 0.098390 0.905569 -0.050825
vt 0.886244 0.578119
vn -0.130051 -0.216928 -0.967486
v 0.140570 0.909472 -0.035173
vt 0.907347 0.576455
vn 0.000057 0.551941 -0.833883
v 0.085780 0.894426 -0.033830
vt 0.885161 0.584771
vn -0.471170 -0.535643 -0.700775
v 0.140570 0.888168 -0.049272
vt 0.896757 0.585184
vn 0.000042 -0.270563 -0.962702
v 0.168630 0.921048 -0.036206
vt 0.921233 0.598825
vn -0.441149 0.369948 -0.817635
v 0.140570 0.871822 -0.031815
vt 0.892256 0.588693
vn 0.000146 -0.729966 -0.683483
v 0.182750 0.905569 -0.050825
vt 0.900740 0.597177
vn 0.130054 -0.216843 -0.967505
v 0.180255 0.948998 -0.038700
vt 0.914122 0.634730
vn -0.623815 -0.069589 -0.778468
v 0.195360 0.894426 -0.033830
vt 0.894759 0.596628
vn 0.471222 -0.535569 -0.700797
v 0.200217 0.947583 -0.054573
vt 0.894606 0.609827
vn 0.183923 -0.087439 -0.979044
v 0.129844 0.970328 -0.034383
vt 0.962066 0.565286
vn -0.000033 0.245856 0.969306
v 0.107033 0.960919 -0.033543
vt 0.966552 0.565621
vn -0.112345 0.199592 0.973417
v 0.129844 0.977417 -0.041236
vt 0.961471 0.563241
vn -0.000040 0.694959 0.719050
v 0.101610 0.965768 -0.040196
vt 0.967468 0.563806
vn -0.444380 0.511647 0.735352
v 0.158077 0.965768 -0.040196
vt 0.956786 0.566979
vn 0.444293 0.511700 0.735368
v 0.112610 0.954814 -0.039218
vt 0.965713 0.567315
vn 0.436897 -0.365278 0.822006
v 0.105470 0.937648 -0.037687
vt 0.967742 0.569879
vn 0.617806 0.069871 0.783220
v 0.129844 0.961924 -0.039853
vt 0.962600 0.566964
vn 0.000023 -0.545577 0.838060
v 0.097585 0.938197 -0.031517
vt 0.969635 0.569284
vn -0.158871 0.087674 0.983399
v 0.112610 0.920483 -0.036155
vt 0.967483 0.573327
vn 0.436790 0.504923 0.744491
v 0.089912 0.937648 -0.037687
vt 0.971878 0.568505
vn -0.628435 0.069003 0.774795
v 0.152654 0.960919 -0.033543
vt 0.958495 0.568017
vn 0.112280 0.199556 0.973432
v 0.169775 0.937648 -0.037687
vt 0.955505 0.573190
vn 0.628388 0.069110 0.774824
v 0.147078 0.954814 -0.039218
vt 0.960128 0.568948
vn -0.436970 -0.365247 0.821980
v 0.162103 0.938197 -0.031517
vt 0.957763 0.572671
vn 0.158787 0.087664 0.983413
v 0.158077 0.909526 -0.035178
vt 0.959381 0.578454
vn 0.444345 -0.373442 0.814309
v 0.154218 0.937648 -0.037687
vt 0.959579 0.572198
vn -0.617809 0.069861 0.783218
v 0.152654 0.915478 -0.029488
vt 0.960586 0.576577
vn 0.112282 -0.024162 0.993383
v 0.129844 0.897876 -0.034138
vt 0.965850 0.579416
vn -0.000046 -0.556798 0.830648
v 0.147078 0.920483 -0.036155
vt 0.961547 0.574914
vn -0.436958 0.504936 0.744383
v 0.129844 0.906068 -0.028649
vt 0.965331 0.577325
vn 0.000001 -0.070520 0.997510
v 0.101610 0.909526 -0.035178
vt 0.971344 0.575448
vn -0.444314 -0.373468 0.814314
v 0.129844 0.913372 -0.035521
vt 0.964843 0.575448
vn -0.000030 0.685214 0.728342
v 0.107033 0.915478 -0.029488
vt 0.969238 0.574350
vn -0.112342 -0.024133 0.993377
v 0.101610 0.965768 -0.040196
vt 0.967468 0.563806
vn -0.444379 0.373335 -0.814339
v 0.107033 0.959816 -0.045886
vt 0.968612 0.561318
vn -0.112323 0.024117 -0.993379
v 0.129844 0.977417 -0.041236
vt 0.961471 0.563241
vn -0.000019 0.556816 -0.830636
v 0.129844 0.969228 -0.046725
vt 0.960754 0.560510
vn -0.000065 0.070562 -0.997507
v 0.158077 0.965768 -0.040196
vt 0.956786 0.566979
vn 0.444464 0.373502 -0.814216
v 0.097585 0.937097 -0.043858
vt 0.975662 0.567147
vn -0.158825 -0.087705 -0.983403
v 0.089912 0.937648 -0.037687
vt 0.971878 0.568505
vn -0.628394 -0.069171 -0.774813
v 0.112610 0.954814 -0.039218
vt 0.971222 0.556130
vn 0.436920 -0.505011 -0.744356
v 0.105470 0.937648 -0.037687
vt 0.982315 0.564767
vn 0.617796 -0.069872 -0.783228
v 0.129844 0.961924 -0.039853
vt 0.959533 0.556130
vn 0.000003 -0.685206 -0.728349
v 0.112610 0.920483 -0.036155
vt 0.982467 0.581827
vn 0.437010 0.365209 -0.821976
v 0.152654 0.959816 -0.045886
vt 0.954070 0.565225
vn 0.112391 0.024107 -0.993372
v 0.169775 0.937648 -0.037687
vt 0.955505 0.573190
vn 0.628385 -0.069088 -0.774828
v 0.147078 0.954814 -0.039218
vt 0.949050 0.562203
vn -0.436823 -0.504946 -0.744456
v 0.107033 0.914378 -0.041831
vt 0.974609 0.577386
vn -0.112255 -0.199567 -0.973433
v 0.129844 0.913372 -0.035521
vt 0.968475 0.588830
vn -0.000073 0.545560 -0.838072
v 0.101610 0.909526 -0.035178
vt 0.971344 0.575448
vn -0.444241 -0.511743 -0.735370
v 0.129844 0.904966 -0.040991
vt 0.966522 0.582269
vn 0.000033 -0.245809 -0.969318
v 0.147078 0.920483 -0.036155
vt 0.954757 0.587030
vn -0.436977 0.365154 -0.822018
v 0.129844 0.897876 -0.034138
vt 0.965850 0.579416
vn 0.000079 -0.694962 -0.719047
v 0.152654 0.914378 -0.041831
vt 0.957671 0.581369
vn 0.112301 -0.199612 -0.973419
v 0.154218 0.937648 -0.037687
vt 0.945418 0.575738
vn -0.617837 -0.069951 -0.783188
v 0.158077 0.909526 -0.035178
vt 0.959381 0.578454
vn 0.444344 -0.511726 -0.735320
v 0.162103 0.937097 -0.043858
vt 0.951644 0.574060
vn 0.158792 -0.087782 -0.983402
v -0.085749 1.003571 -0.043570
vt 0.812390 0.600885
vn 0.471085 0.535498 0.700943
v -0.098358 0.992426 -0.026574
vt 0.816892 0.603784
vn 0.129920 0.216841 0.967523
v -0.140539 1.026177 -0.045586
vt 0.813886 0.592813
vn 0.000014 0.729917 0.683536
v -0.140539 1.009829 -0.028127
vt 0.820203 0.591531
vn -0.000015 0.270435 0.962738
v -0.195329 1.003571 -0.043570
vt 0.809506 0.586404
vn -0.471167 0.535569 0.700833
v -0.080891 0.950414 -0.022826
vt 0.806577 0.612604
vn 0.183833 0.087374 0.979067
v -0.063052 0.948998 -0.038700
vt 0.805127 0.605325
vn 0.666269 0.066310 0.742758
v -0.112478 0.976949 -0.041194
vt 0.832517 0.615106
vn -0.441089 -0.369928 0.817676
v -0.100854 0.948998 -0.038700
vt 0.810437 0.635615
vn -0.623854 0.069551 0.778440
v -0.140539 0.988525 -0.042226
vt 0.835843 0.588785
vn 0.000033 -0.551929 0.833891
v -0.112478 0.921048 -0.036206
vt 0.772793 0.632547
vn -0.441045 0.508789 0.739333
v -0.182719 0.992426 -0.026574
vt 0.812802 0.581979
vn -0.130004 0.216907 0.967497
v -0.218019 0.948998 -0.038700
vt 0.802029 0.584085
vn -0.666356 0.066314 0.742679
v -0.168599 0.976949 -0.041194
vt 0.820432 0.572061
vn 0.441055 -0.369855 0.817727
v -0.098358 0.908402 -0.019078
vt 0.792309 0.608911
vn 0.129979 -0.042189 0.990619
v -0.140539 0.909472 -0.035173
vt 0.769116 0.598260
vn -0.000007 0.690757 0.723087
v -0.085749 0.894426 -0.033830
vt 0.796490 0.603769
vn 0.471158 -0.402951 0.784627
v -0.140539 0.891001 -0.017525
vt 0.787640 0.596658
vn 0.000022 -0.095826 0.995398
v -0.168599 0.921048 -0.036206
vt 0.769116 0.567788
vn 0.441034 0.508729 0.739381
v -0.140539 0.871822 -0.031815
vt 0.792554 0.596124
vn 0.000046 -0.597477 0.801886
v -0.182719 0.908402 -0.019078
vt 0.789776 0.584253
vn -0.130044 -0.042199 0.990610
v -0.180224 0.948998 -0.038700
vt 0.799741 0.560494
vn 0.623722 0.069478 0.778552
v -0.195329 0.894426 -0.033830
vt 0.794583 0.587854
vn -0.471236 -0.403037 0.784537
v -0.200186 0.950414 -0.022826
vt 0.801465 0.578531
vn -0.183917 0.087388 0.979049
v -0.140539 1.006995 -0.059874
vt 0.810544 0.593439
vn 0.000059 0.095904 -0.995391
v -0.098358 0.989594 -0.058322
vt 0.809384 0.599023
vn 0.130114 0.042212 -0.990600
v -0.140539 1.026177 -0.045586
vt 0.813886 0.592813
vn 0.000050 0.597546 -0.801834
v -0.085749 1.003571 -0.043570
vt 0.812390 0.600885
vn 0.471297 0.402986 -0.784526
v -0.195329 1.003571 -0.043570
vt 0.809506 0.586404
vn -0.471144 0.403079 -0.784571
v -0.112478 0.976949 -0.041194
vt 0.806806 0.597192
vn -0.440984 -0.508771 -0.739381
v -0.100854 0.948998 -0.038700
vt 0.803967 0.599023
vn -0.623814 -0.069412 -0.778485
v -0.140539 0.988525 -0.042226
vt 0.807660 0.594003
vn 0.000054 -0.690820 -0.723026
v -0.080891 0.947583 -0.054573
vt 0.804517 0.602045
vn 0.183955 -0.087349 -0.979046
v -0.112478 0.921048 -0.036206
vt 0.800626 0.598199
vn -0.441035 0.369952 -0.817694
v -0.063052 0.948998 -0.038700
vt 0.805127 0.605325
vn 0.666420 -0.066260 -0.742626
v -0.182719 0.989594 -0.058322
vt 0.807675 0.588846
vn -0.129975 0.042276 -0.990616
v -0.218019 0.948998 -0.038700
vt 0.802029 0.584085
vn -0.666234 -0.066188 -0.742800
v -0.168599 0.976949 -0.041194
vt 0.806012 0.591196
vn 0.441230 -0.508725 -0.739267
v -0.200186 0.947583 -0.054573
vt 0.802502 0.587366
vn -0.183786 -0.087245 -0.979087
v -0.195329 0.894426 -0.033830
vt 0.794583 0.587854
vn -0.471110 -0.535537 -0.700896
v -0.180224 0.948998 -0.038700
vt 0.802823 0.590311
vn 0.623893 -0.069413 -0.778421
v -0.182719 0.905569 -0.050825
vt 0.797452 0.590112
vn -0.129937 -0.216836 -0.967522
v -0.140539 0.871822 -0.031815
vt 0.792554 0.596124
vn 0.000094 -0.729944 -0.683507
v -0.168599 0.921048 -0.036206
vt 0.799939 0.592050
vn 0.441202 0.369967 -0.817598
v -0.140539 0.888168 -0.049272
vt 0.795926 0.595712
vn 0.000078 -0.270549 -0.962706
v -0.085749 0.894426 -0.033830
vt 0.796490 0.603769
vn 0.471286 -0.535587 -0.700740
v -0.140539 0.909472 -0.035173
vt 0.798978 0.595254
vn 0.000017 0.551993 -0.833849
v -0.098358 0.905569 -0.050825
vt 0.798795 0.600778
vn 0.130061 -0.216870 -0.967498
v -0.101579 0.965768 -0.040196
vt 0.966476 0.627909
vn 0.444247 0.511643 0.735436
v -0.107002 0.960919 -0.033543
vt 0.967300 0.630549
vn 0.112253 0.199560 0.973435
v -0.129812 0.977417 -0.041236
vt 0.971420 0.624063
vn -0.000045 0.694984 0.719025
v -0.129812 0.970328 -0.034383
vt 0.974640 0.625925
vn 0.000002 0.245860 0.969305
v -0.158046 0.965768 -0.040196
vt 0.972168 0.617487
vn -0.444286 0.511682 0.735385
v -0.097553 0.938197 -0.031517
vt 0.958648 0.630991
vn 0.158756 0.087669 0.983418
v -0.089888 0.937648 -0.037687
vt 0.960235 0.627588
vn 0.628336 0.069108 0.774866
v -0.112578 0.954814 -0.039218
vt 0.968780 0.635309
vn -0.436982 -0.365217 0.821987
v -0.105438 0.937648 -0.037687
vt 0.955962 0.636439
vn -0.617834 0.069912 0.783194
v -0.129812 0.961924 -0.039853
vt 0.980087 0.628977
vn -0.000013 -0.545553 0.838077
v -0.112578 0.920483 -0.036155
vt 0.946319 0.625803
vn -0.436858 0.504952 0.744432
v -0.152623 0.960919 -0.033543
vt 0.975174 0.616571
vn -0.112298 0.199591 0.973423
v -0.169744 0.937648 -0.037687
vt 0.967849 0.612482
vn -0.628429 0.069158 0.774787
v -0.147046 0.954814 -0.039218
vt 0.982483 0.614267
vn 0.436887 -0.365186 0.822052
v -0.107002 0.915478 -0.029488
vt 0.952621 0.623850
vn 0.112294 -0.024100 0.993383
v -0.129812 0.913372 -0.035521
vt 0.946319 0.610941
vn -0.000017 0.685196 0.728359
v -0.101579 0.909526 -0.035178
vt 0.955840 0.622736
vn 0.444313 -0.373397 0.814347
v -0.129812 0.906068 -0.028649
vt 0.953414 0.614572
vn -0.000014 -0.070514 0.997511
v -0.147046 0.920483 -0.036155
vt 0.958373 0.602365
vn 0.436838 0.504925 0.744462
v -0.129812 0.897876 -0.034138
vt 0.956191 0.615976
vn 0.000002 -0.556795 0.830650
v -0.152623 0.915478 -0.029488
vt 0.960388 0.608454
vn -0.112371 -0.024115 0.993374
v -0.154186 0.937648 -0.037687
vt 0.971984 0.604364
vn 0.617716 0.069892 0.783289
v -0.158046 0.909526 -0.035178
vt 0.961379 0.611643
vn -0.444403 -0.373459 0.814269
v -0.162071 0.938197 -0.031517
vt 0.969619 0.609125
vn -0.158856 0.087720 0.983397
v -0.129812 0.969228 -0.046725
vt 0.969467 0.622965
vn -0.000023 0.070608 -0.997504
v -0.107002 0.959816 -0.045886
vt 0.965866 0.625956
vn 0.112414 0.024117 -0.993369
v -0.129812 0.977417 -0.041236
vt 0.971420 0.624063
vn 0.000003 0.556878 -0.830594
v -0.101579 0.965768 -0.040196
vt 0.966476 0.627909
vn 0.444413 0.373478 -0.814255
v -0.158046 0.965768 -0.040196
vt 0.972168 0.617487
vn -0.444306 0.373514 -0.814297
v -0.112578 0.954814 -0.039218
vt 0.965331 0.624140
vn -0.436888 -0.504836 -0.744493
v -0.105438 0.937648 -0.037687
vt 0.962081 0.623850
vn -0.617771 -0.069760 -0.783257
v -0.129812 0.961924 -0.039853
vt 0.967803 0.622065
vn 0.000088 -0.685168 -0.728385
v -0.097553 0.937097 -0.043858
vt 0.961212 0.625528
vn 0.158917 -0.087660 -0.983393
v -0.112578 0.920483 -0.036155
vt 0.959808 0.621332
vn -0.436851 0.365331 -0.822006
v -0.089888 0.937648 -0.037687
vt 0.960235 0.627588
vn 0.628509 -0.069057 -0.774731
v -0.152623 0.959816 -0.045886
vt 0.970031 0.618128
vn -0.112255 0.024191 -0.993385
v -0.169744 0.937648 -0.037687
vt 0.967849 0.612482
vn -0.628407 -0.069072 -0.774812
v -0.147046 0.954814 -0.039218
vt 0.968124 0.618753
vn 0.437008 -0.504932 -0.744358
v -0.162071 0.937097 -0.043858
vt 0.966888 0.614435
vn -0.158752 -0.087619 -0.983423
v -0.158046 0.909526 -0.035178
vt 0.961379 0.611643
vn -0.444336 -0.511682 -0.735355
v -0.154186 0.937648 -0.037687
vt 0.966018 0.616144
vn 0.617886 -0.069845 -0.783159
v -0.152623 0.914378 -0.041831
vt 0.962051 0.613931
vn -0.112296 -0.199394 -0.973464
v -0.129812 0.897876 -0.034138
vt 0.956191 0.615976
vn 0.000041 -0.694987 -0.719022
v -0.147046 0.920483 -0.036155
vt 0.962600 0.615778
vn 0.436996 0.365313 -0.821937
v -0.129812 0.904966 -0.040991
vt 0.958206 0.617014
vn 0.000070 -0.245871 -0.969303
v -0.101579 0.909526 -0.035178
vt 0.955840 0.622736
vn 0.444391 -0.511681 -0.735322
v -0.129812 0.913372 -0.035521
vt 0.959991 0.617975
vn 0.000022 0.545574 -0.838062
v -0.107002 0.914378 -0.041831
vt 0.957946 0.621927
vn 0.112387 -0.199616 -0.973408
v 0.114601 0.740650 -0.122353
vt 0.606332 0.610132
vn 0.412999 0.263090 -0.871903
v 0.189098 0.697893 -0.079132
vt 0.618570 0.629160
vn 0.464805 -0.080285 -0.881766
v 0.189630 0.750777 -0.083665
vt 0.624628 0.618174
vn 0.411414 0.268942 -0.870866
v 0.167925 0.792568 -0.060392
vt 0.628840 0.606500
vn 0.308763 0.580148 -0.753720
v 0.114601 0.740650 -0.122353
vt 0.606332 0.610132
vn -0.752683 -0.286960 0.592556
v 0.167925 0.792568 -0.060392
vt 0.628840 0.606500
vn -0.781885 0.061138 0.620417
v 0.167392 0.739682 -0.055853
vt 0.620188 0.598642
vn -0.752615 -0.286519 0.592855
v 0.189098 0.697893 -0.079132
vt 0.614069 0.588861
vn -0.630168 -0.601074 0.491526
v 0.167392 0.739682 -0.055853
vt 0.620188 0.598642
vn 0.770978 0.046694 0.635147
v 0.167925 0.792568 -0.060392
vt 0.628840 0.606500
vn 0.770939 0.046740 0.635192
v 0.189630 0.750777 -0.083665
vt 0.626612 0.593439
vn 0.770941 0.046670 0.635194
v 0.189098 0.697893 -0.079132
vt 0.614069 0.588861
vn 0.770952 0.046739 0.635176
v 0.061897 0.741606 -0.188778
vt 0.543832 0.618174
vn 0.752816 0.286510 -0.592604
v 0.061365 0.688721 -0.184245
vt 0.550958 0.629084
vn 0.781909 -0.061072 -0.620394
v 0.114601 0.740650 -0.122353
vt 0.561959 0.608118
vn 0.752664 0.287037 -0.592543
v 0.040192 0.783395 -0.165503
vt 0.538521 0.606424
vn 0.630289 0.601103 -0.491336
v 0.039659 0.730510 -0.160968
vt 0.546639 0.597436
vn -0.411033 -0.268888 0.871063
v 0.040192 0.783395 -0.165503
vt 0.538521 0.606424
vn -0.464555 0.080243 0.881901
v 0.114601 0.740650 -0.122353
vt 0.561959 0.608118
vn -0.412441 -0.262996 0.872196
v 0.061365 0.688721 -0.184245
vt 0.551980 0.586725
vn -0.308369 -0.580112 0.753909
v 0.061897 0.741606 -0.188778
vt 0.539498 0.592706
vn -0.771024 -0.046701 -0.635092
v 0.040192 0.783395 -0.165503
vt 0.538521 0.606424
vn -0.771016 -0.046764 -0.635097
v 0.039659 0.730510 -0.160968
vt 0.546639 0.597436
vn -0.771027 -0.046676 -0.635089
v 0.061365 0.688721 -0.184245
vt 0.551980 0.586725
vn -0.770994 -0.046809 -0.635120
v -0.189593 0.750777 -0.083665
vt 0.446967 0.618174
vn -0.411237 0.268922 -0.870956
v -0.189061 0.697893 -0.079132
vt 0.453025 0.629160
vn -0.464458 -0.080393 -0.881939
v -0.114570 0.740650 -0.122353
vt 0.465263 0.610132
vn -0.412646 0.263037 -0.872086
v -0.167888 0.792568 -0.060392
vt 0.442756 0.606500
vn -0.308572 0.580123 -0.753817
v -0.167361 0.739682 -0.055853
vt 0.451408 0.598642
vn 0.752873 -0.286500 0.592536
v -0.167888 0.792568 -0.060392
vt 0.442756 0.606500
vn 0.781891 0.061108 0.620413
v -0.114570 0.740650 -0.122353
vt 0.465263 0.610132
vn 0.752682 -0.286979 0.592548
v -0.189061 0.697893 -0.079132
vt 0.457527 0.588861
vn 0.630524 -0.600979 0.491187
v -0.189593 0.750777 -0.083665
vt 0.444999 0.593439
vn -0.770979 0.046640 0.635151
v -0.167888 0.792568 -0.060392
vt 0.442756 0.606500
vn -0.771005 0.046646 0.635118
v -0.167361 0.739682 -0.055853
vt 0.451408 0.598642
vn -0.770975 0.046660 0.635154
v -0.189061 0.697893 -0.079132
vt 0.457527 0.588861
vn -0.770987 0.046638 0.635141
v -0.114570 0.740650 -0.122353
vt 0.509651 0.608118
vn -0.752722 0.287031 -0.592472
v -0.061334 0.688721 -0.184245
vt 0.520638 0.629084
vn -0.782065 -0.061033 -0.620201
v -0.061866 0.741606 -0.188778
vt 0.527764 0.618174
vn -0.752983 0.286427 -0.592432
v -0.040161 0.783395 -0.165503
vt 0.533074 0.606424
vn -0.630196 0.601144 -0.491405
v -0.114570 0.740650 -0.122353
vt 0.509651 0.608118
vn 0.412449 -0.262863 0.872232
v -0.040161 0.783395 -0.165503
vt 0.533074 0.606424
vn 0.464337 0.080290 0.882012
v -0.039628 0.730510 -0.160968
vt 0.524956 0.597436
vn 0.410930 -0.268845 0.871125
v -0.061334 0.688721 -0.184245
vt 0.519615 0.586725
vn 0.308245 -0.580015 0.754035
v -0.039628 0.730510 -0.160968
vt 0.524956 0.597436
vn 0.771056 -0.046593 -0.635060
v -0.040161 0.783395 -0.165503
vt 0.533074 0.606424
vn 0.771043 -0.046641 -0.635073
v -0.061866 0.741606 -0.188778
vt 0.532113 0.592706
vn 0.771053 -0.046618 -0.635063
v -0.061334 0.688721 -0.184245
vt 0.519615 0.586725
vn 0.771057 -0.046622 -0.635056
v -0.013292 0.515727 -0.073450
vt 0.813481 0.678697
vn -0.624022 0.759179 0.185051
v -0.013292 0.489142 -0.073450
vt 0.815591 0.683031
vn -0.661237 -0.507333 0.552611
v -0.066549 0.472187 -0.225004
vt 0.841061 0.666462
vn -0.821106 0.557460 0.122569
v 0.000000 0.502434 -0.033834
vt 0.806253 0.683246
vn -0.000015 -0.000015 1.000000
v 0.013292 0.489142 -0.073450
vt 0.814679 0.688250
vn 0.661188 -0.507336 0.552667
v -0.066549 0.312695 -0.254399
vt 0.854555 0.680737
vn -0.621923 -0.782916 0.015935
v 0.066549 0.312695 -0.254399
vt 0.863696 0.700630
vn 0.621896 -0.782937 0.015978
v 0.013292 0.515727 -0.073450
vt 0.810301 0.675368
vn 0.623988 0.759195 0.185102
v 0.013292 0.489142 -0.073450
vt 0.805301 0.673125
vn 0.661188 -0.507336 0.552667
v 0.066549 0.312695 -0.254399
vt 0.807554 0.612701
vn 0.621896 -0.782937 0.015978
v 0.066549 0.472187 -0.225004
vt 0.825453 0.645278
vn 0.821087 0.557478 0.122619
v 0.047674 0.398974 -0.349879
vt 0.841797 0.615208
vn 0.730896 -0.558027 -0.392934
v 0.047674 0.511636 -0.327847
vt 0.845228 0.640453
vn 0.695887 0.650967 0.303288
v -0.047674 0.511636 -0.327847
vt 0.852468 0.656096
vn -0.993170 0.116672 -0.000220
v 0.070600 0.523120 -0.461967
vt 0.856350 0.635358
vn 0.544639 0.276208 -0.791882
v 0.028799 0.464200 -0.433079
vt 0.859744 0.627501
vn 0.640277 -0.413561 -0.647312
v 0.000000 0.596581 -0.445587
vt 0.858813 0.643658
vn 0.000000 0.820891 -0.571085
v 0.028799 0.551084 -0.430689
vt 0.858913 0.639850
vn 0.625732 0.646901 -0.435865
v 0.000000 0.464878 -0.572160
vt 0.882500 0.633647
vn 0.000000 -0.260652 -0.965433
v -0.028799 0.551084 -0.430689
vt 0.861543 0.645841
vn -0.564192 0.728483 -0.388587
v -0.028799 0.464200 -0.433079
vt 0.870842 0.654679
vn -0.858369 -0.235365 -0.455857
v 0.028799 0.464200 -0.433079
vt 0.880498 0.657174
vn 0.640277 -0.413561 -0.647312
v 0.000000 0.418759 -0.473987
vt 0.874051 0.660399
vn 0.000000 -0.345893 -0.938274
v 0.047674 0.398974 -0.349879
vt 0.880107 0.676067
vn 0.730896 -0.558027 -0.392934
v -0.047674 0.398974 -0.349879
vt 0.864086 0.667344
vn -0.993083 0.057494 -0.102373
v -0.028799 0.551084 -0.430689
vt 0.861633 0.646472
vn -0.564192 0.728483 -0.388587
v -0.047674 0.511636 -0.327847
vt 0.853183 0.655958
vn -0.993170 0.116672 -0.000220
v -0.065155 0.516161 -0.459544
vt 0.863476 0.651693
vn -0.527223 0.214383 -0.822238
v -0.047674 0.398974 -0.349879
vt 0.863962 0.666545
vn -0.993083 0.057494 -0.102373
v -0.028799 0.464200 -0.433079
vt 0.870298 0.654779
vn -0.858369 -0.235365 -0.455857
v -0.000002 0.525602 -0.043184
vt 0.736858 0.170626
vn -0.395840 -0.037366 0.917559
v -0.082915 0.422137 -0.107866
vt 0.758785 0.180850
vn -0.116646 -0.457700 0.881422
v -0.118205 0.451737 -0.097166
vt 0.760983 0.173907
vn -0.370296 -0.083656 0.925139
v -0.142408 0.514719 -0.132733
vt 0.762280 0.162249
vn -0.528668 0.254127 0.809895
v -0.000002 0.525602 -0.043184
vt 0.736858 0.170626
vn 0.639339 0.167188 -0.750530
v -0.142408 0.514719 -0.132733
vt 0.762280 0.162249
vn 0.360168 0.665752 -0.653494
v -0.107113 0.485119 -0.143435
vt 0.756085 0.158282
vn 0.554355 0.374374 -0.743327
v -0.082915 0.422137 -0.107866
vt 0.750118 0.148440
vn 0.702840 -0.125336 -0.700219
v -0.107113 0.485119 -0.143435
vt 0.756085 0.158282
vn -0.628789 -0.551239 -0.548416
v -0.142408 0.514719 -0.132733
vt 0.762280 0.162249
vn -0.628776 -0.551210 -0.548460
v -0.118205 0.451737 -0.097166
vt 0.758587 0.150072
vn -0.628793 -0.551162 -0.548489
v -0.082915 0.422137 -0.107866
vt 0.750118 0.148440
vn -0.628765 -0.551221 -0.548462
v -0.004322 0.517357 -0.047191
vt 0.734524 0.162661
vn -0.387579 -0.320859 0.864195
v -0.104233 0.309025 -0.178248
vt 0.755489 0.126345
vn -0.111770 -0.490269 0.864375
v -0.124408 0.321576 -0.173738
vt 0.752834 0.123812
vn -0.341488 -0.353461 0.870891
v -0.149326 0.342968 -0.185864
vt 0.749111 0.120012
vn -0.553813 -0.185053 0.811817
v -0.004322 0.517357 -0.047191
vt 0.734524 0.162661
vn 0.414459 0.362717 -0.834661
v -0.149326 0.342968 -0.185864
vt 0.749111 0.120012
vn 0.148511 0.537030 -0.830387
v -0.129156 0.330417 -0.190374
vt 0.745480 0.120897
vn 0.373254 0.394176 -0.839825
v -0.104233 0.309025 -0.178248
vt 0.740291 0.120546
vn 0.573686 0.221141 -0.788657
v -0.129156 0.330417 -0.190374
vt 0.745480 0.120897
vn -0.551509 -0.791552 -0.263215
v -0.149326 0.342968 -0.185864
vt 0.749111 0.120012
vn -0.551570 -0.791500 -0.263248
v -0.124408 0.321576 -0.173738
vt 0.743770 0.118654
vn -0.551550 -0.791504 -0.263276
v -0.104233 0.309025 -0.178248
vt 0.740291 0.120546
vn -0.551521 -0.791521 -0.263287
v 0.118201 0.451737 -0.097166
vt 0.706203 0.173907
vn 0.370336 -0.083558 0.925132
v 0.082910 0.422137 -0.107866
vt 0.708415 0.180850
vn 0.116634 -0.457562 0.881495
v -0.000002 0.525602 -0.043184
vt 0.730343 0.170626
vn 0.395738 -0.037309 0.917605
v 0.142404 0.514719 -0.132733
vt 0.704906 0.162249
vn 0.528637 0.254174 0.809901
v 0.107109 0.485119 -0.143435
vt 0.711116 0.158282
vn -0.554378 0.374285 -0.743354
v 0.142404 0.514719 -0.132733
vt 0.704906 0.162249
vn -0.360185 0.665680 -0.653557
v -0.000002 0.525602 -0.043184
vt 0.730343 0.170626
vn -0.639339 0.167111 -0.750546
v 0.082910 0.422137 -0.107866
vt 0.717083 0.148440
vn -0.702829 -0.125413 -0.700217
v 0.118201 0.451737 -0.097166
vt 0.708614 0.150072
vn 0.628750 -0.551323 -0.548376
v 0.142404 0.514719 -0.132733
vt 0.704906 0.162249
vn 0.628755 -0.551283 -0.548411
v 0.107109 0.485119 -0.143435
vt 0.711116 0.158282
vn 0.628747 -0.551325 -0.548378
v 0.082910 0.422137 -0.107866
vt 0.717083 0.148440
vn 0.628723 -0.551315 -0.548414
v 0.124403 0.321576 -0.173738
vt 0.714366 0.123812
vn 0.341469 -0.353379 0.870932
v 0.104229 0.309025 -0.178248
vt 0.711711 0.126345
vn 0.111823 -0.490178 0.864419
v 0.004318 0.517357 -0.047191
vt 0.732677 0.162661
vn 0.387557 -0.320773 0.864236
v 0.149326 0.342968 -0.185864
vt 0.718090 0.120012
vn 0.553729 -0.184980 0.811891
v 0.129152 0.330417 -0.190374
vt 0.721706 0.120897
vn -0.373233 0.394087 -0.839877
v 0.149326 0.342968 -0.185864
vt 0.718090 0.120012
vn -0.148428 0.536862 -0.830511
v 0.004318 0.517357 -0.047191
vt 0.732677 0.162661
vn -0.414464 0.362615 -0.834703
v 0.104229 0.309025 -0.178248
vt 0.726909 0.120546
vn -0.573673 0.221053 -0.788692
v 0.124403 0.321576 -0.173738
vt 0.723430 0.118654
vn 0.551504 -0.791607 -0.263061
v 0.149326 0.342968 -0.185864
vt 0.718090 0.120012
vn 0.551511 -0.791607 -0.263046
v 0.129152 0.330417 -0.190374
vt 0.721706 0.120897
vn 0.551499 -0.791597 -0.263103
v 0.104229 0.309025 -0.178248
vt 0.726909 0.120546
vn 0.551480 -0.791622 -0.263067
v 0.014794 0.692564 -0.022261
vt 0.500969 0.324422
vn 0.681951 0.013871 -0.731266
v 0.025906 0.692564 -0.002502
vt 0.494896 0.309590
vn 0.992694 -0.108943 -0.051864
v 0.016680 0.711823 -0.020340
vt 0.487678 0.327886
vn 0.717058 0.006922 -0.696980
v -0.000000 0.711823 -0.028972
vt 0.492683 0.340185
vn 0.000046 0.061325 -0.998118
v -0.000000 0.692564 -0.030444
vt 0.505501 0.335485
vn 0.000025 0.076225 -0.997091
v 0.028039 0.711823 0.001128
vt 0.481178 0.311986
vn 0.989845 -0.129274 0.059117
v 0.014794 0.692564 0.017257
vt 0.490455 0.294194
vn 0.703899 -0.246087 0.666309
v 0.016680 0.711823 0.022602
vt 0.476326 0.295521
vn 0.670512 -0.252008 0.697786
v -0.000000 0.692564 0.025442
vt 0.488792 0.282353
vn 0.000013 -0.302074 0.953285
v -0.000000 0.711823 0.031233
vt 0.474571 0.282353
vn 0.000003 -0.287977 0.957637
v -0.016681 0.711823 0.022602
vt 0.476326 0.269200
vn -0.670521 -0.252070 0.697755
v -0.014795 0.692564 0.017257
vt 0.490455 0.270527
vn -0.703866 -0.246129 0.666328
v -0.028039 0.711823 0.001128
vt 0.481178 0.252720
vn -0.989827 -0.129392 0.059155
v -0.025907 0.692564 -0.002502
vt 0.494896 0.255131
vn -0.992687 -0.108995 -0.051900
v -0.016681 0.711823 -0.020340
vt 0.487678 0.236835
vn -0.717124 0.006845 -0.696912
v -0.014795 0.692564 -0.022261
vt 0.500969 0.240299
vn -0.681887 0.013822 -0.731327
v -0.000000 0.711823 -0.028972
vt 0.492683 0.224536
vn -0.000001 0.061344 -0.998117
v -0.000000 0.692564 -0.030444
vt 0.505501 0.229236
vn -0.000029 0.076251 -0.997089
v 0.000000 0.664730 -0.059608
vt 0.590647 0.058258
vn 0.000000 -0.884416 -0.466700
v 0.000000 0.677592 -0.002221
vt 0.590647 0.050437
vn 0.000000 -1.000000 -0.000015
v 0.064369 0.681775 -0.042800
vt 0.596178 0.055967
vn 0.547653 -0.724908 -0.417833
v 0.090718 0.688835 -0.002221
vt 0.598468 0.050437
vn 0.772703 -0.631732 -0.062005
v -0.064369 0.681775 -0.042800
vt 0.585117 0.055967
vn -0.547662 -0.724868 -0.417891
v 0.064369 0.681775 0.038358
vt 0.596178 0.044906
vn 0.507693 -0.801622 0.315675
v -0.090718 0.688835 -0.002221
vt 0.582826 0.050437
vn -0.772723 -0.631703 -0.062051
v 0.000000 0.664730 0.055167
vt 0.590647 0.042616
vn -0.000020 -0.939267 0.343187
v -0.064369 0.681775 0.038358
vt 0.585117 0.044906
vn -0.507738 -0.801614 0.315622
v 0.067504 0.723816 -0.060803
vt 0.576899 0.055984
vn 0.561624 0.509932 -0.651573
v 0.000000 0.723816 0.008550
vt 0.571369 0.050453
vn 0.000000 1.000000 -0.000015
v 0.000000 0.723816 -0.089530
vt 0.571369 0.058274
vn 0.000000 0.452301 -0.891865
v -0.067504 0.723816 -0.060803
vt 0.565839 0.055984
vn -0.561620 0.509875 -0.651621
v 0.095465 0.723816 0.008550
vt 0.579190 0.050453
vn 0.855246 0.515108 0.056726
v -0.095465 0.723816 0.008550
vt 0.563548 0.050453
vn -0.855260 0.515090 0.056681
v 0.067504 0.723816 0.077903
vt 0.576899 0.044923
vn 0.591085 0.392468 0.704690
v -0.067504 0.723816 0.077903
vt 0.565839 0.044923
vn -0.591139 0.392470 0.704643
v 0.000000 0.723816 0.106630
vt 0.571369 0.042632
vn -0.000020 0.340596 0.940210
v 0.000000 0.723816 -0.089530
vt 0.613188 0.099675
vn 0.000000 0.452301 -0.891865
v 0.000000 0.664730 -0.059608
vt 0.613188 0.068468
vn 0.000000 -0.884416 -0.466700
v 0.067504 0.723816 -0.060803
vt 0.605386 0.099675
vn 0.561624 0.509932 -0.651573
v 0.064369 0.681775 -0.042800
vt 0.605386 0.068468
vn 0.547653 -0.724908 -0.417833
v 0.095465 0.723816 0.008550
vt 0.597585 0.099675
vn 0.855246 0.515108 0.056726
v 0.090718 0.688835 -0.002221
vt 0.597585 0.068468
vn 0.772703 -0.631732 -0.062005
v 0.067504 0.723816 0.077903
vt 0.589783 0.099675
vn 0.591085 0.392468 0.704690
v 0.064369 0.681775 0.038358
vt 0.589783 0.068468
vn 0.507693 -0.801622 0.315675
v 0.000000 0.723816 0.106630
vt 0.581981 0.099675
vn -0.000020 0.340596 0.940210
v 0.000000 0.664730 0.055167
vt 0.581981 0.068468
vn -0.000020 -0.939267 0.343187
v -0.067504 0.723816 0.077903
vt 0.574179 0.099675
vn -0.591139 0.392470 0.704643
v -0.064369 0.681775 0.038358
vt 0.574179 0.068468
vn -0.507738 -0.801614 0.315622
v -0.095465 0.723816 0.008550
vt 0.566377 0.099675
vn -0.855260 0.515090 0.056681
v -0.090718 0.688835 -0.002221
vt 0.566377 0.068468
vn -0.772723 -0.631703 -0.062051
v -0.067504 0.723816 -0.060803
vt 0.558575 0.099675
vn -0.561620 0.509875 -0.651621
v -0.064369 0.681775 -0.042800
vt 0.558575 0.068468
vn -0.547662 -0.724868 -0.417891
v 0.000000 0.723816 -0.089530
vt 0.550773 0.099675
vn 0.000000 0.452301 -0.891865
v 0.000000 0.664730 -0.059608
vt 0.550773 0.068468
vn 0.000000 -0.884416 -0.466700
v 0.029147 0.691783 -0.044568
vt 0.577785 0.141464
vn 0.104719 0.267400 -0.957878
v 0.071994 0.485388 -0.095226
vt 0.602511 0.143626
vn 0.104716 0.267352 -0.957892
v 0.057485 0.694153 -0.030259
vt 0.578104 0.137840
vn 0.348906 0.300496 -0.887675
v 0.116440 0.490484 -0.078396
vt 0.603066 0.138113
vn 0.305803 0.295825 -0.904971
v 0.025392 0.475080 -0.092644
vt 0.601983 0.149103
vn -0.101112 0.226996 -0.968633
v -0.001346 0.684200 -0.039466
vt 0.577464 0.145090
vn -0.146510 0.216684 -0.965185
v 0.043725 0.264538 -0.147138
vt 0.625913 0.154277
vn -0.776902 -0.581102 -0.242370
v 0.114840 0.278993 -0.145883
vt 0.626229 0.146326
vn 0.212061 -0.452102 -0.866392
v 0.183799 0.288236 -0.125217
vt 0.627748 0.138556
vn 0.957274 -0.287713 0.029104
v 0.112684 0.273781 -0.126472
vt 0.628429 0.146583
vn 0.054674 -0.832702 0.551016
v 0.026991 0.686571 -0.025156
vt 0.577882 0.134211
vn -0.108625 -0.248318 0.962569
v 0.069838 0.480176 -0.075814
vt 0.602640 0.132666
vn -0.108625 -0.248318 0.962569
v -0.001346 0.684200 -0.039466
vt 0.577659 0.130584
vn -0.352847 -0.282012 0.892171
v 0.025392 0.475080 -0.092644
vt 0.602231 0.127249
vn -0.309722 -0.277340 0.909480
v 0.116440 0.490484 -0.078396
vt 0.603066 0.138113
vn 0.097160 -0.208507 0.973183
v 0.057485 0.694153 -0.030259
vt 0.578104 0.137840
vn 0.142606 -0.198240 0.969724
v 0.112684 0.273781 -0.126472
vt 0.627031 0.130510
vn 0.054674 -0.832702 0.551016
v 0.043725 0.264538 -0.147138
vt 0.626331 0.122362
vn -0.776902 -0.581102 -0.242370
v 0.210948 0.225487 -0.145785
vt 0.640296 0.147621
vn 0.380976 -0.337408 -0.860821
v 0.193501 0.212616 -0.145828
vt 0.642619 0.148380
vn -0.488881 -0.846614 -0.210333
v 0.210972 0.224018 -0.139928
vt 0.640548 0.146986
vn 0.386956 -0.702905 0.596816
v 0.173271 0.275800 -0.129901
vt 0.637620 0.154338
vn -0.031133 0.279689 -0.959586
v 0.228420 0.236890 -0.139885
vt 0.638087 0.146574
vn 0.983421 0.176797 0.040320
v 0.155315 0.185609 -0.155085
vt 0.638543 0.121417
vn 0.966103 -0.255221 0.038823
v 0.132426 0.182541 -0.161944
vt 0.640721 0.122385
vn 0.210568 -0.434502 -0.875711
v 0.131711 0.180811 -0.155501
vt 0.640952 0.121761
vn 0.050281 -0.821958 0.567324
v 0.108822 0.177743 -0.162361
vt 0.643003 0.123069
vn -0.798175 -0.553683 -0.237386
v 0.117847 0.250182 -0.141909
vt 0.638272 0.128993
vn 0.097302 0.301898 -0.948362
v 0.117847 0.250182 -0.141909
vt 0.638272 0.128993
vn -0.115747 -0.213237 0.970120
v 0.131711 0.180811 -0.155501
vt 0.636229 0.122085
vn 0.050281 -0.821958 0.567324
v 0.108822 0.177743 -0.162361
vt 0.633923 0.122783
vn -0.798175 -0.553683 -0.237386
v 0.173271 0.275800 -0.129901
vt 0.637620 0.154338
vn -0.023126 -0.206252 0.978226
v 0.210972 0.224018 -0.139928
vt 0.635696 0.147202
vn 0.386956 -0.702905 0.596816
v 0.193501 0.212616 -0.145828
vt 0.633314 0.147861
vn -0.488881 -0.846614 -0.210333
v 0.045379 0.193092 -0.168874
vt 0.640499 0.135242
vn 0.015170 -0.450218 -0.892790
v 0.024296 0.198136 -0.169234
vt 0.642840 0.135944
vn -0.955118 -0.157064 -0.251157
v 0.044093 0.191739 -0.163131
vt 0.640736 0.134601
vn -0.305095 -0.786976 0.536270
v 0.058961 0.253125 -0.148505
vt 0.637986 0.142022
vn 0.223095 0.267636 -0.937336
v 0.065176 0.186695 -0.162770
vt 0.638265 0.134249
vn 0.768475 -0.639519 0.021485
v 0.058961 0.253125 -0.148505
vt 0.637986 0.142022
vn -0.202646 -0.180228 0.962524
v 0.044093 0.191739 -0.163131
vt 0.635891 0.134934
vn -0.305095 -0.786976 0.536270
v 0.024296 0.198136 -0.169234
vt 0.633525 0.135651
vn -0.955118 -0.157064 -0.251157
v -0.116440 0.490484 -0.078396
vt 0.529301 0.138113
vn -0.305794 0.295771 -0.904991
v -0.071994 0.485388 -0.095226
vt 0.528746 0.143626
vn -0.104714 0.267304 -0.957906
v -0.057485 0.694153 -0.030259
vt 0.504339 0.137840
vn -0.348896 0.300441 -0.887697
v -0.029147 0.691783 -0.044568
vt 0.504019 0.141464
vn -0.104716 0.267352 -0.957892
v -0.025392 0.475080 -0.092644
vt 0.528217 0.149103
vn 0.101114 0.227043 -0.968621
v 0.001346 0.684200 -0.039466
vt 0.503699 0.145090
vn 0.146514 0.216731 -0.965174
v -0.043725 0.264538 -0.147138
vt 0.552148 0.154277
vn 0.776890 -0.581141 -0.242317
v -0.114840 0.278993 -0.145883
vt 0.552463 0.146326
vn -0.212057 -0.452046 -0.866421
v -0.183799 0.288236 -0.125217
vt 0.553983 0.138556
vn -0.957279 -0.287703 0.029064
v -0.112684 0.273781 -0.126472
vt 0.554664 0.146583
vn -0.054719 -0.832720 0.550984
v -0.025392 0.475080 -0.092644
vt 0.528466 0.127249
vn 0.309667 -0.277333 0.909501
v -0.069838 0.480176 -0.075814
vt 0.528874 0.132666
vn 0.108582 -0.248310 0.962576
v 0.001346 0.684200 -0.039466
vt 0.503894 0.130584
vn 0.352791 -0.282005 0.892195
v -0.026991 0.686571 -0.025156
vt 0.504117 0.134211
vn 0.108582 -0.248310 0.962576
v -0.112684 0.273781 -0.126472
vt 0.553266 0.130510
vn -0.054719 -0.832720 0.550984
v -0.043725 0.264538 -0.147138
vt 0.552566 0.122362
vn 0.776890 -0.581141 -0.242317
v -0.116440 0.490484 -0.078396
vt 0.529301 0.138113
vn -0.097203 -0.208514 0.973177
v -0.057485 0.694153 -0.030259
vt 0.504339 0.137840
vn -0.142651 -0.198247 0.969716
v -0.210972 0.224018 -0.139928
vt 0.566783 0.146986
vn -0.387012 -0.702912 0.596771
v -0.193501 0.212616 -0.145828
vt 0.568854 0.148380
vn 0.488867 -0.846636 -0.210279
v -0.210948 0.225487 -0.145785
vt 0.566530 0.147621
vn -0.380966 -0.337351 -0.860848
v -0.173271 0.275800 -0.129901
vt 0.563854 0.154338
vn 0.031133 0.279735 -0.959572
v -0.228420 0.236890 -0.139885
vt 0.564321 0.146574
vn -0.983424 0.176791 0.040282
v -0.131711 0.180811 -0.155501
vt 0.567187 0.121761
vn -0.050326 -0.821977 0.567293
v -0.132426 0.182541 -0.161944
vt 0.566955 0.122385
vn -0.210564 -0.434447 -0.875739
v -0.155315 0.185609 -0.155085
vt 0.564778 0.121417
vn -0.966107 -0.255212 0.038783
v -0.117847 0.250182 -0.141909
vt 0.564506 0.128993
vn -0.097299 0.301849 -0.948378
v -0.108822 0.177743 -0.162361
vt 0.569237 0.123069
vn 0.798162 -0.553723 -0.237334
v -0.131711 0.180811 -0.155501
vt 0.562464 0.122085
vn -0.050326 -0.821977 0.567293
v -0.117847 0.250182 -0.141909
vt 0.564506 0.128993
vn 0.115703 -0.213229 0.970127
v -0.108822 0.177743 -0.162361
vt 0.560158 0.122783
vn 0.798162 -0.553723 -0.237334
v -0.210972 0.224018 -0.139928
vt 0.561931 0.147202
vn -0.387012 -0.702912 0.596771
v -0.173271 0.275800 -0.129901
vt 0.563854 0.154338
vn 0.023088 -0.206244 0.978228
v -0.193501 0.212616 -0.145828
vt 0.559548 0.147861
vn 0.488867 -0.846636 -0.210279
v -0.044093 0.191739 -0.163131
vt 0.566971 0.134601
vn 0.305042 -0.786967 0.536314
v -0.024296 0.198136 -0.169234
vt 0.569075 0.135944
vn 0.955122 -0.157107 -0.251117
v -0.045379 0.193092 -0.168873
vt 0.566734 0.135242
vn -0.015170 -0.450169 -0.892815
v -0.058961 0.253125 -0.148505
vt 0.564221 0.142022
vn -0.223089 0.267585 -0.937353
v -0.065176 0.186695 -0.162770
vt 0.564500 0.134249
vn -0.768493 -0.639499 0.021441
v -0.044093 0.191739 -0.163131
vt 0.562125 0.134934
vn 0.305042 -0.786967 0.536314
v -0.058961 0.253125 -0.148505
vt 0.564221 0.142022
vn 0.202599 -0.180223 0.962535
v -0.024296 0.198136 -0.169234
vt 0.559760 0.135651
vn 0.955122 -0.157107 -0.251117
usemtl player
f 3/3/3 2/2/2 1/1/1
f 3/3/3 4/4/4 2/2/2
f 2/2/2 5/5/5 1/1/1
f 6/6/6 4/4/4 3/3/3
f 6/6/6 7/7/7 4/4/4
f 6/6/6 3/3/3 8/8/8
f 8/8/8 3/3/3 1/1/1
f 6/6/6 8/8/8 9/9/9
f 1/1/1 5/5/5 10/10/10
f 9/9/9 8/8/8 11/11/11
f 9/9/9 11/11/11 12/12/12
f 12/12/12 11/11/11 13/13/13
f 11/11/11 8/8/8 14/14/14
f 8/8/8 1/1/1 14/14/14
f 11/11/11 15/15/15 13/13/13
f 14/14/14 15/15/15 11/11/11
f 13/13/13 15/15/15 16/16/16
f 1/1/1 17/17/17 14/14/14
f 1/1/1 10/10/10 17/17/17
f 14/14/14 18/18/18 15/15/15
f 14/14/14 17/17/17 18/18/18
f 15/15/15 19/19/19 16/16/16
f 18/18/18 19/19/19 15/15/15
f 19/19/19 20/20/20 16/16/16
f 20/20/20 21/21/21 16/16/16
f 22/22/22 20/20/20 19/19/19
f 18/18/18 22/22/22 19/19/19
f 18/18/18 23/23/23 22/22/22
f 17/17/17 24/24/24 18/18/18
f 24/24/24 23/23/23 18/18/18
f 24/24/24 17/17/17 25/25/25
f 25/25/25 17/17/17 10/10/10
f 23/23/23 24/24/24 26/26/26
f 26/26/26 24/24/24 25/25/25
f 27/27/27 23/23/23 26/26/26
f 26/26/26 25/25/25 28/28/28
f 29/29/29 26/26/26 28/28/28
f 29/29/29 30/30/30 26/26/26
f 30/30/30 29/29/29 31/31/31
f 32/32/32 30/30/30 31/31/31
f 32/32/32 31/31/31 33/33/33
f 31/31/31 34/34/34 33/33/33
f 35/35/35 33/33/33 34/34/34
f 36/36/36 35/35/35 34/34/34
f 28/28/28 25/25/25 37/37/37
f 25/25/25 10/10/10 37/37/37
f 37/37/37 10/10/10 5/5/5
f 37/37/37 5/5/5 38/38/38
f 28/28/28 37/37/37 39/39/39
f 37/37/37 40/40/40 39/39/39
f 41/41/41 39/39/39 40/40/40
f 41/41/41 40/40/40 42/42/42
f 43/43/43 41/41/41 42/42/42
f 43/43/43 44/44/44 41/41/41
f 44/44/44 43/43/43 45/45/45
f 44/44/44 45/45/45 46/46/46
f 49/49/49 48/48/48 47/47/47
f 50/50/50 48/48/48 49/49/49
f 51/51/51 50/50/50 49/49/49
f 50/50/50 52/52/52 48/48/48
f 51/51/51 49/49/49 53/53/53
f 52/52/52 54/54/54 48/48/48
f 48/48/48 54/54/54 47/47/47
f 52/52/52 55/55/55 54/54/54
f 54/54/54 55/55/55 56/56/56
f 53/53/53 49/49/49 57/57/57
f 49/49/49 47/47/47 57/57/57
f 53/53/53 57/57/57 58/58/58
f 57/57/57 59/59/59 58/58/58
f 60/60/60 54/54/54 56/56/56
f 47/47/47 54/54/54 60/60/60
f 60/60/60 56/56/56 61/61/61
f 62/62/62 59/59/59 57/57/57
f 59/59/59 62/62/62 63/63/63
f 64/64/64 60/60/60 61/61/61
f 47/47/47 60/60/60 64/64/64
f 64/64/64 61/61/61 65/65/65
f 66/66/66 64/64/64 65/65/65
f 63/63/63 62/62/62 67/67/67
f 68/68/68 64/64/64 66/66/66
f 68/68/68 47/47/47 64/64/64
f 69/69/69 68/68/68 66/66/66
f 69/69/69 70/70/70 68/68/68
f 62/62/62 71/71/71 67/67/67
f 71/71/71 72/72/72 67/67/67
f 73/73/73 67/67/67 72/72/72
f 62/62/62 74/74/74 71/71/71
f 73/73/73 72/72/72 75/75/75
f 73/73/73 75/75/75 76/76/76
f 76/76/76 75/75/75 77/77/77
f 76/76/76 77/77/77 78/78/78
f 79/79/79 78/78/78 77/77/77
f 79/79/79 80/80/80 78/78/78
f 62/62/62 81/81/81 74/74/74
f 81/81/81 62/62/62 57/57/57
f 81/81/81 57/57/57 47/47/47
f 47/47/47 68/68/68 81/81/81
f 74/74/74 81/81/81 82/82/82
f 68/68/68 82/82/82 81/81/81
f 68/68/68 70/70/70 82/82/82
f 83/83/83 82/82/82 70/70/70
f 84/84/84 74/74/74 82/82/82
f 85/85/85 82/82/82 83/83/83
f 85/85/85 84/84/84 82/82/82
f 85/85/85 86/86/86 84/84/84
f 86/86/86 85/85/85 87/87/87
f 88/88/88 86/86/86 87/87/87
f 89/89/89 88/88/88 87/87/87
f 90/90/90 88/88/88 89/89/89
f 91/91/91 90/90/90 89/89/89
f 90/90/90 91/91/91 92/92/92
f 91/91/91 93/93/93 92/92/92
f 96/96/96 95/95/95 94/94/94
f 94/94/94 95/95/95 97/97/97
f 99/99/99 96/96/96 98/98/98
f 100/100/100 96/96/96 99/99/99
f 96/96/96 100/100/100 101/101/101
f 101/101/101 102/102/102 96/96/96
f 96/96/96 102/102/102 95/95/95
f 103/103/103 95/95/95 102/102/102
f 103/103/103 104/104/104 95/95/95
f 95/95/95 104/104/104 105/105/105
f 106/106/106 95/95/95 105/105/105
f 95/95/95 106/106/106 97/97/97
f 97/97/97 106/106/106 107/107/107
f 107/107/107 108/108/108 97/97/97
f 109/109/109 97/97/97 108/108/108
f 110/110/110 97/97/97 109/109/109
f 113/113/113 112/112/112 111/111/111
f 113/113/113 114/114/114 112/112/112
f 115/115/115 112/112/112 114/114/114
f 112/112/112 115/115/115 116/116/116
f 116/116/116 117/117/117 112/112/112
f 118/118/118 117/117/117 116/116/116
f 111/111/111 119/119/119 113/113/113
f 119/119/119 120/120/120 113/113/113
f 120/120/120 119/119/119 121/121/121
f 122/122/122 121/121/121 119/119/119
f 119/119/119 123/123/123 122/122/122
f 122/122/122 123/123/123 124/124/124
f 127/127/127 126/126/126 125/125/125
f 126/126/126 128/128/128 125/125/125
f 131/131/131 130/130/130 129/129/129
f 130/130/130 131/131/131 132/132/132
f 130/130/130 132/132/132 133/133/133
f 131/131/131 129/129/129 134/134/134
f 135/135/135 134/134/134 129/129/129
f 135/135/135 129/129/129 136/136/136
f 139/139/139 138/138/138 137/137/137
f 139/139/139 140/140/140 138/138/138
f 140/140/140 141/141/141 138/138/138
f 142/142/142 141/141/141 140/140/140
f 143/143/143 141/141/141 142/142/142
f 143/143/143 144/144/144 141/141/141
f 143/143/143 145/145/145 144/144/144
f 144/144/144 145/145/145 146/146/146
f 149/149/149 148/148/148 147/147/147
f 147/147/147 148/148/148 150/150/150
f 149/149/149 151/151/151 148/148/148
f 147/147/147 150/150/150 152/152/152
f 152/152/152 150/150/150 153/153/153
f 152/152/152 153/153/153 154/154/154
f 154/154/154 153/153/153 155/155/155
f 154/154/154 155/155/155 156/156/156
f 149/149/149 157/157/157 151/151/151
f 156/156/156 155/155/155 158/158/158
f 149/149/149 159/159/159 157/157/157
f 156/156/156 158/158/158 159/159/159
f 160/160/160 159/159/159 149/149/149
f 160/160/160 156/156/156 159/159/159
f 159/159/159 158/158/158 161/161/161
f 158/158/158 162/162/162 161/161/161
f 159/159/159 161/161/161 163/163/163
f 161/161/161 162/162/162 164/164/164
f 162/162/162 165/165/165 164/164/164
f 164/164/164 165/165/165 166/166/166
f 165/165/165 167/167/167 166/166/166
f 166/166/166 167/167/167 168/168/168
f 167/167/167 169/169/169 168/168/168
f 170/170/170 159/159/159 163/163/163
f 168/168/168 169/169/169 170/170/170
f 157/157/157 159/159/159 170/170/170
f 169/169/169 171/171/171 170/170/170
f 171/171/171 157/157/157 170/170/170
f 174/174/174 173/173/173 172/172/172
f 174/174/174 172/172/172 175/175/175
f 178/178/178 177/177/177 176/176/176
f 178/178/178 176/176/176 179/179/179
f 182/182/182 181/181/181 180/180/180
f 182/182/182 180/180/180 183/183/183
f 186/186/186 185/185/185 184/184/184
f 186/186/186 184/184/184 187/187/187
f 190/190/190 189/189/189 188/188/188
f 190/190/190 188/188/188 191/191/191
f 194/194/194 193/193/193 192/192/192
f 194/194/194 192/192/192 195/195/195
f 198/198/198 197/197/197 196/196/196
f 201/201/201 200/200/200 199/199/199
f 204/204/204 203/203/203 202/202/202
f 204/204/204 205/205/205 203/203/203
f 203/203/203 206/206/206 202/202/202
f 206/206/206 207/207/207 202/202/202
f 207/207/207 206/206/206 208/208/208
f 206/206/206 209/209/209 208/208/208
f 210/210/210 208/208/208 209/209/209
f 211/211/211 210/210/210 209/209/209
f 214/214/214 213/213/213 212/212/212
f 213/213/213 215/215/215 212/212/212
f 213/213/213 216/216/216 215/215/215
f 215/215/215 216/216/216 217/217/217
f 217/217/217 216/216/216 218/218/218
f 216/216/216 219/219/219 218/218/218
f 219/219/219 220/220/220 218/218/218
f 221/221/221 220/220/220 219/219/219
f 224/224/224 223/223/223 222/222/222
f 225/225/225 224/224/224 222/222/222
f 228/228/228 227/227/227 226/226/226
f 229/229/229 228/228/228 226/226/226
f 232/232/232 231/231/231 230/230/230
f 233/233/233 232/232/232 230/230/230
f 236/236/236 235/235/235 234/234/234
f 237/237/237 236/236/236 234/234/234
f 240/240/240 239/239/239 238/238/238
f 241/241/241 240/240/240 238/238/238
f 244/244/244 243/243/243 242/242/242
f 245/245/245 244/244/244 242/242/242
f 248/248/248 247/247/247 246/246/246
f 251/251/251 250/250/250 249/249/249
f 254/254/254 253/253/253 252/252/252
f 255/255/255 252/252/252 253/253/253
f 256/256/256 254/254/254 252/252/252
f 257/257/257 252/252/252 255/255/255
f 257/257/257 256/256/256 252/252/252
f 258/258/258 256/256/256 257/257/257
f 258/258/258 259/259/259 256/256/256
f 260/260/260 258/258/258 257/257/257
f 259/259/259 261/261/261 256/256/256
f 256/256/256 261/261/261 254/254/254
f 259/259/259 262/262/262 261/261/261
f 260/260/260 257/257/257 263/263/263
f 263/263/263 257/257/257 255/255/255
f 264/264/264 260/260/260 263/263/263
f 264/264/264 263/263/263 265/265/265
f 265/265/265 263/263/263 266/266/266
f 263/263/263 255/255/255 266/266/266
f 265/265/265 266/266/266 267/267/267
f 266/266/266 255/255/255 268/268/268
f 267/267/267 266/266/266 269/269/269
f 266/266/266 268/268/268 269/269/269
f 267/267/267 269/269/269 270/270/270
f 255/255/255 253/253/253 268/268/268
f 271/271/271 270/270/270 269/269/269
f 272/272/272 268/268/268 253/253/253
f 273/273/273 269/269/269 268/268/268
f 272/272/272 273/273/273 268/268/268
f 271/271/271 269/269/269 274/274/274
f 273/273/273 274/274/274 269/269/269
f 271/271/271 274/274/274 275/275/275
f 271/271/271 275/275/275 276/276/276
f 274/274/274 277/277/277 275/275/275
f 274/274/274 273/273/273 277/277/277
f 273/273/273 278/278/278 277/277/277
f 273/273/273 272/272/272 278/278/278
f 272/272/272 279/279/279 278/278/278
f 272/272/272 280/280/280 279/279/279
f 280/280/280 272/272/272 253/253/253
f 280/280/280 281/281/281 279/279/279
f 254/254/254 280/280/280 253/253/253
f 280/280/280 282/282/282 281/281/281
f 254/254/254 282/282/282 280/280/280
f 282/282/282 283/283/283 281/281/281
f 282/282/282 284/284/284 283/283/283
f 282/282/282 285/285/285 284/284/284
f 254/254/254 286/286/286 282/282/282
f 286/286/286 285/285/285 282/282/282
f 261/261/261 286/286/286 254/254/254
f 286/286/286 287/287/287 285/285/285
f 261/261/261 288/288/288 286/286/286
f 288/288/288 287/287/287 286/286/286
f 262/262/262 288/288/288 261/261/261
f 288/288/288 289/289/289 287/287/287
f 262/262/262 290/290/290 288/288/288
f 290/290/290 289/289/289 288/288/288
f 290/290/290 291/291/291 289/289/289
f 294/294/294 293/293/293 292/292/292
f 294/294/294 295/295/295 293/293/293
f 294/294/294 292/292/292 296/296/296
f 294/294/294 297/297/297 295/295/295
f 294/294/294 296/296/296 298/298/298
f 294/294/294 298/298/298 297/297/297
f 301/301/301 300/300/300 299/299/299
f 300/300/300 301/301/301 302/302/302
f 301/301/301 299/299/299 303/303/303
f 302/302/302 301/301/301 304/304/304
f 301/301/301 303/303/303 304/304/304
f 304/304/304 303/303/303 305/305/305
f 303/303/303 306/306/306 305/305/305
f 304/304/304 305/305/305 307/307/307
f 303/303/303 308/308/308 306/306/306
f 299/299/299 308/308/308 303/303/303
f 308/308/308 309/309/309 306/306/306
f 310/310/310 304/304/304 307/307/307
f 302/302/302 304/304/304 310/310/310
f 310/310/310 307/307/307 311/311/311
f 312/312/312 310/310/310 311/311/311
f 313/313/313 310/310/310 312/312/312
f 313/313/313 302/302/302 310/310/310
f 314/314/314 313/313/313 312/312/312
f 315/315/315 313/313/313 314/314/314
f 316/316/316 315/315/315 314/314/314
f 317/317/317 302/302/302 313/313/313
f 315/315/315 317/317/317 313/313/313
f 317/317/317 300/300/300 302/302/302
f 315/315/315 316/316/316 318/318/318
f 320/320/320 319/319/319 318/318/318
f 319/319/319 321/321/321 318/318/318
f 321/321/321 315/315/315 318/318/318
f 319/319/319 322/322/322 321/321/321
f 315/315/315 321/321/321 323/323/323
f 322/322/322 323/323/323 321/321/321
f 317/317/317 315/315/315 323/323/323
f 322/322/322 324/324/324 323/323/323
f 317/317/317 323/323/323 325/325/325
f 324/324/324 325/325/325 323/323/323
f 300/300/300 317/317/317 325/325/325
f 324/324/324 326/326/326 325/325/325
f 300/300/300 325/325/325 327/327/327
f 326/326/326 327/327/327 325/325/325
f 300/300/300 327/327/327 299/299/299
f 326/326/326 328/328/328 327/327/327
f 328/328/328 329/329/329 327/327/327
f 327/327/327 329/329/329 299/299/299
f 328/328/328 330/330/330 329/329/329
f 330/330/330 331/331/331 329/329/329
f 331/331/331 332/332/332 329/329/329
f 329/329/329 333/333/333 299/299/299
f 329/329/329 332/332/332 333/333/333
f 299/299/299 333/333/333 308/308/308
f 332/332/332 334/334/334 333/333/333
f 333/333/333 335/335/335 308/308/308
f 333/333/333 334/334/334 335/335/335
f 308/308/308 335/335/335 309/309/309
f 334/334/334 336/336/336 335/335/335
f 335/335/335 337/337/337 309/309/309
f 335/335/335 336/336/336 337/337/337
f 336/336/336 338/338/338 337/337/337
f 341/341/341 340/340/340 339/339/339
f 340/340/340 342/342/342 339/339/339
f 343/343/343 341/341/341 339/339/339
f 342/342/342 344/344/344 339/339/339
f 345/345/345 343/343/343 339/339/339
f 344/344/344 345/345/345 339/339/339
f 348/348/348 347/347/347 346/346/346
f 348/348/348 349/349/349 347/347/347
f 346/346/346 347/347/347 350/350/350
f 346/346/346 351/351/351 348/348/348
f 346/346/346 350/350/350 352/352/352
f 352/352/352 350/350/350 353/353/353
f 346/346/346 354/354/354 351/351/351
f 352/352/352 354/354/354 346/346/346
f 352/352/352 353/353/353 355/355/355
f 355/355/355 353/353/353 356/356/356
f 355/355/355 356/356/356 357/357/357
f 357/357/357 356/356/356 358/358/358
f 352/352/352 355/355/355 359/359/359
f 355/355/355 357/357/357 359/359/359
f 357/357/357 358/358/358 360/360/360
f 360/360/360 358/358/358 361/361/361
f 360/360/360 361/361/361 362/362/362
f 362/362/362 363/363/363 360/360/360
f 360/360/360 363/363/363 364/364/364
f 360/360/360 364/364/364 365/365/365
f 357/357/357 360/360/360 365/365/365
f 365/365/365 364/364/364 366/366/366
f 365/365/365 366/366/366 367/367/367
f 357/357/357 365/365/365 368/368/368
f 368/368/368 365/365/365 367/367/367
f 359/359/359 357/357/357 368/368/368
f 368/368/368 367/367/367 369/369/369
f 370/370/370 368/368/368 369/369/369
f 359/359/359 368/368/368 370/370/370
f 370/370/370 369/369/369 371/371/371
f 370/370/370 372/372/372 359/359/359
f 352/352/352 359/359/359 372/372/372
f 352/352/352 372/372/372 354/354/354
f 370/370/370 373/373/373 372/372/372
f 373/373/373 370/370/370 371/371/371
f 373/373/373 354/354/354 372/372/372
f 373/373/373 371/371/371 374/374/374
f 373/373/373 375/375/375 354/354/354
f 375/375/375 373/373/373 374/374/374
f 351/351/351 354/354/354 375/375/375
f 375/375/375 374/374/374 376/376/376
f 351/351/351 375/375/375 377/377/377
f 377/377/377 375/375/375 376/376/376
f 377/377/377 376/376/376 378/378/378
f 381/381/381 380/380/380 379/379/379
f 381/381/381 382/382/382 380/380/380
f 379/379/379 380/380/380 383/383/383
f 379/379/379 383/383/383 384/384/384
f 380/380/380 385/385/385 383/383/383
f 380/380/380 382/382/382 386/386/386
f 380/380/380 386/386/386 385/385/385
f 386/386/386 382/382/382 387/387/387
f 386/386/386 388/388/388 385/385/385
f 386/386/386 389/389/389 388/388/388
f 386/386/386 387/387/387 389/389/389
f 389/389/389 390/390/390 388/388/388
f 389/389/389 387/387/387 391/391/391
f 389/389/389 391/391/391 390/390/390
f 391/391/391 392/392/392 390/390/390
f 391/391/391 387/387/387 393/393/393
f 391/391/391 394/394/394 392/392/392
f 391/391/391 393/393/393 394/394/394
f 395/395/395 392/392/392 394/394/394
f 395/395/395 396/396/396 392/392/392
f 397/397/397 395/395/395 394/394/394
f 397/397/397 394/394/394 393/393/393
f 397/397/397 393/393/393 398/398/398
f 398/398/398 393/393/393 399/399/399
f 398/398/398 399/399/399 400/400/400
f 400/400/400 399/399/399 401/401/401
f 400/400/400 401/401/401 402/402/402
f 403/403/403 402/402/402 401/401/401
f 403/403/403 404/404/404 402/402/402
f 403/403/403 405/405/405 404/404/404
f 403/403/403 401/401/401 405/405/405
f 405/405/405 406/406/406 404/404/404
f 405/405/405 407/407/407 406/406/406
f 405/405/405 408/408/408 407/407/407
f 405/405/405 409/409/409 408/408/408
f 405/405/405 401/401/401 409/409/409
f 409/409/409 410/410/410 408/408/408
f 409/409/409 411/411/411 410/410/410
f 409/409/409 401/401/401 411/411/411
f 411/411/411 412/412/412 410/410/410
f 411/411/411 413/413/413 412/412/412
f 413/413/413 411/411/411 401/401/401
f 413/413/413 401/401/401 414/414/414
f 417/417/417 416/416/416 415/415/415
f 419/419/419 418/418/418 416/416/416
f 416/416/416 418/418/418 420/420/420
f 415/415/415 416/416/416 420/420/420
f 420/420/420 421/421/421 415/415/415
f 422/422/422 421/421/421 420/420/420
f 423/423/423 421/421/421 422/422/422
f 421/421/421 424/424/424 415/415/415
f 415/415/415 424/424/424 417/417/417
f 425/425/425 421/421/421 423/423/423
f 426/426/426 425/425/425 423/423/423
f 427/427/427 424/424/424 421/421/421
f 427/427/427 421/421/421 425/425/425
f 426/426/426 428/428/428 425/425/425
f 424/424/424 427/427/427 429/429/429
f 425/425/425 429/429/429 427/427/427
f 430/430/430 417/417/417 424/424/424
f 424/424/424 429/429/429 430/430/430
f 430/430/430 431/431/431 417/417/417
f 428/428/428 432/432/432 425/425/425
f 425/425/425 432/432/432 429/429/429
f 428/428/428 433/433/433 432/432/432
f 433/433/433 434/434/434 432/432/432
f 433/433/433 435/435/435 434/434/434
f 432/432/432 434/434/434 436/436/436
f 437/437/437 429/429/429 432/432/432
f 432/432/432 436/436/436 437/437/437
f 429/429/429 437/437/437 438/438/438
f 438/438/438 437/437/437 436/436/436
f 429/429/429 438/438/438 430/430/430
f 430/430/430 438/438/438 431/431/431
f 438/438/438 436/436/436 439/439/439
f 439/439/439 431/431/431 438/438/438
f 439/439/439 440/440/440 431/431/431
f 443/443/443 442/442/442 441/441/441
f 445/445/445 444/444/444 442/442/442
f 442/442/442 444/444/444 446/446/446
f 441/441/441 442/442/442 446/446/446
f 446/446/446 447/447/447 441/441/441
f 448/448/448 447/447/447 446/446/446
f 449/449/449 447/447/447 448/448/448
f 447/447/447 450/450/450 441/441/441
f 441/441/441 450/450/450 443/443/443
f 451/451/451 447/447/447 449/449/449
f 452/452/452 451/451/451 449/449/449
f 453/453/453 450/450/450 447/447/447
f 453/453/453 447/447/447 451/451/451
f 452/452/452 454/454/454 451/451/451
f 450/450/450 453/453/453 455/455/455
f 451/451/451 455/455/455 453/453/453
f 456/456/456 443/443/443 450/450/450
f 450/450/450 455/455/455 456/456/456
f 456/456/456 457/457/457 443/443/443
f 454/454/454 458/458/458 451/451/451
f 451/451/451 458/458/458 455/455/455
f 454/454/454 459/459/459 458/458/458
f 459/459/459 460/460/460 458/458/458
f 459/459/459 461/461/461 460/460/460
f 458/458/458 460/460/460 462/462/462
f 463/463/463 455/455/455 458/458/458
f 458/458/458 462/462/462 463/463/463
f 455/455/455 463/463/463 464/464/464
f 464/464/464 463/463/463 462/462/462
f 455/455/455 464/464/464 456/456/456
f 456/456/456 464/464/464 457/457/457
f 464/464/464 462/462/462 465/465/465
f 465/465/465 457/457/457 464/464/464
f 465/465/465 466/466/466 457/457/457
f 469/469/469 468/468/468 467/467/467
f 471/471/471 470/470/470 468/468/468
f 468/468/468 470/470/470 472/472/472
f 467/467/467 468/468/468 472/472/472
f 472/472/472 473/473/473 467/467/467
f 474/474/474 473/473/473 472/472/472
f 475/475/475 473/473/473 474/474/474
f 467/467/467 476/476/476 469/469/469
f 477/477/477 469/469/469 476/476/476
f 473/473/473 478/478/478 467/467/467
f 467/467/467 478/478/478 476/476/476
f 479/479/479 473/473/473 475/475/475
f 478/478/478 473/473/473 479/479/479
f 479/479/479 475/475/475 480/480/480
f 479/479/479 480/480/480 481/481/481
f 481/481/481 482/482/482 479/479/479
f 478/478/478 479/479/479 482/482/482
f 481/481/481 483/483/483 482/482/482
f 483/483/483 484/484/484 482/482/482
f 483/483/483 485/485/485 484/484/484
f 478/478/478 482/482/482 486/486/486
f 476/476/476 478/478/478 486/486/486
f 487/487/487 482/482/482 484/484/484
f 487/487/487 486/486/486 482/482/482
f 487/487/487 484/484/484 488/488/488
f 476/476/476 486/486/486 489/489/489
f 477/477/477 476/476/476 489/489/489
f 486/486/486 487/487/487 490/490/490
f 486/486/486 490/490/490 489/489/489
f 490/490/490 487/487/487 488/488/488
f 489/489/489 490/490/490 477/477/477
f 490/490/490 488/488/488 491/491/491
f 492/492/492 477/477/477 490/490/490
f 492/492/492 490/490/490 491/491/491
f 495/495/495 494/494/494 493/493/493
f 497/497/497 496/496/496 494/494/494
f 494/494/494 496/496/496 498/498/498
f 493/493/493 494/494/494 498/498/498
f 498/498/498 499/499/499 493/493/493
f 500/500/500 499/499/499 498/498/498
f 501/501/501 499/499/499 500/500/500
f 499/499/499 502/502/502 493/493/493
f 493/493/493 502/502/502 495/495/495
f 503/503/503 499/499/499 501/501/501
f 504/504/504 503/503/503 501/501/501
f 505/505/505 502/502/502 499/499/499
f 505/505/505 499/499/499 503/503/503
f 504/504/504 506/506/506 503/503/503
f 502/502/502 505/505/505 507/507/507
f 503/503/503 507/507/507 505/505/505
f 508/508/508 495/495/495 502/502/502
f 502/502/502 507/507/507 508/508/508
f 508/508/508 509/509/509 495/495/495
f 506/506/506 510/510/510 503/503/503
f 503/503/503 510/510/510 507/507/507
f 506/506/506 511/511/511 510/510/510
f 511/511/511 512/512/512 510/510/510
f 511/511/511 513/513/513 512/512/512
f 510/510/510 512/512/512 514/514/514
f 515/515/515 507/507/507 510/510/510
f 510/510/510 514/514/514 515/515/515
f 507/507/507 515/515/515 516/516/516
f 516/516/516 515/515/515 514/514/514
f 507/507/507 516/516/516 508/508/508
f 508/508/508 516/516/516 509/509/509
f 516/516/516 514/514/514 517/517/517
f 517/517/517 509/509/509 516/516/516
f 517/517/517 518/518/518 509/509/509
f 521/521/521 520/520/520 519/519/519
f 519/519/519 520/520/520 522/522/522
f 520/520/520 523/523/523 522/522/522
f 522/522/522 523/523/523 524/524/524
f 522/522/522 525/525/525 519/519/519
f 519/519/519 526/526/526 521/521/521
f 519/519/519 525/525/525 527/527/527
f 527/527/527 526/526/526 519/519/519
f 528/528/528 521/521/521 526/526/526
f 529/529/529 527/527/527 525/525/525
f 528/528/528 526/526/526 530/530/530
f 528/528/528 530/530/530 531/531/531
f 532/532/532 526/526/526 527/527/527
f 530/530/530 526/526/526 532/532/532
f 533/533/533 531/531/531 530/530/530
f 530/530/530 532/532/532 533/533/533
f 533/533/533 534/534/534 531/531/531
f 535/535/535 534/534/534 533/533/533
f 535/535/535 533/533/533 536/536/536
f 536/536/536 533/533/533 532/532/532
f 532/532/532 527/527/527 537/537/537
f 536/536/536 532/532/532 537/537/537
f 537/537/537 527/527/527 529/529/529
f 538/538/538 536/536/536 537/537/537
f 538/538/538 537/537/537 539/539/539
f 537/537/537 529/529/529 539/539/539
f 539/539/539 529/529/529 540/540/540
f 543/543/543 542/542/542 541/541/541
f 542/542/542 544/544/544 541/541/541
f 545/545/545 542/542/542 543/543/543
f 541/541/541 546/546/546 543/543/543
f 547/547/547 545/545/545 543/543/543
f 548/548/548 545/545/545 547/547/547
f 546/546/546 549/549/549 543/543/543
f 543/543/543 549/549/549 547/547/547
f 550/550/550 549/549/549 546/546/546
f 551/551/551 550/550/550 546/546/546
f 552/552/552 550/550/550 551/551/551
f 553/553/553 552/552/552 551/551/551
f 552/552/552 554/554/554 550/550/550
f 554/554/554 555/555/555 550/550/550
f 549/549/549 550/550/550 555/555/555
f 554/554/554 556/556/556 555/555/555
f 549/549/549 557/557/557 547/547/547
f 557/557/557 549/549/549 555/555/555
f 556/556/556 558/558/558 555/555/555
f 557/557/557 555/555/555 558/558/558
f 556/556/556 559/559/559 558/558/558
f 557/557/557 560/560/560 547/547/547
f 560/560/560 557/557/557 558/558/558
f 559/559/559 561/561/561 558/558/558
f 558/558/558 561/561/561 560/560/560
f 559/559/559 562/562/562 561/561/561
f 560/560/560 563/563/563 547/547/547
f 563/563/563 548/548/548 547/547/547
f 564/564/564 548/548/548 563/563/563
f 560/560/560 565/565/565 563/563/563
f 565/565/565 564/564/564 563/563/563
f 561/561/561 565/565/565 560/560/560
f 566/566/566 564/564/564 565/565/565
f 562/562/562 567/567/567 561/561/561
f 561/561/561 567/567/567 565/565/565
f 562/562/562 568/568/568 567/567/567
f 568/568/568 569/569/569 567/567/567
f 567/567/567 570/570/570 565/565/565
f 567/567/567 569/569/569 570/570/570
f 570/570/570 566/566/566 565/565/565
f 569/569/569 571/571/571 570/570/570
f 572/572/572 566/566/566 570/570/570
f 570/570/570 571/571/571 573/573/573
f 573/573/573 572/572/572 570/570/570
f 576/576/576 575/575/575 574/574/574
f 575/575/575 577/577/577 574/574/574
f 578/578/578 575/575/575 576/576/576
f 579/579/579 578/578/578 576/576/576
f 578/578/578 580/580/580 575/575/575
f 581/581/581 577/577/577 575/575/575
f 580/580/580 581/581/581 575/575/575
f 582/582/582 577/577/577 581/581/581
f 580/580/580 583/583/583 581/581/581
f 583/583/583 584/584/584 581/581/581
f 584/584/584 582/582/582 581/581/581
f 583/583/583 585/585/585 584/584/584
f 586/586/586 582/582/582 584/584/584
f 585/585/585 586/586/586 584/584/584
f 585/585/585 587/587/587 586/586/586
f 588/588/588 582/582/582 586/586/586
f 587/587/587 589/589/589 586/586/586
f 589/589/589 588/588/588 586/586/586
f 589/589/589 587/587/587 590/590/590
f 587/587/587 591/591/591 590/590/590
f 589/589/589 590/590/590 592/592/592
f 588/588/588 589/589/589 592/592/592
f 593/593/593 588/588/588 592/592/592
f 594/594/594 588/588/588 593/593/593
f 595/595/595 594/594/594 593/593/593
f 596/596/596 594/594/594 595/595/595
f 597/597/597 596/596/596 595/595/595
f 596/596/596 597/597/597 598/598/598
f 597/597/597 599/599/599 598/598/598
f 599/599/599 600/600/600 598/598/598
f 600/600/600 596/596/596 598/598/598
f 599/599/599 601/601/601 600/600/600
f 601/601/601 602/602/602 600/600/600
f 602/602/602 603/603/603 600/600/600
f 603/603/603 604/604/604 600/600/600
f 604/604/604 596/596/596 600/600/600
f 603/603/603 605/605/605 604/604/604
f 605/605/605 606/606/606 604/604/604
f 606/606/606 596/596/596 604/604/604
f 605/605/605 607/607/607 606/606/606
f 607/607/607 608/608/608 606/606/606
f 596/596/596 606/606/606 608/608/608
f 609/609/609 596/596/596 608/608/608
f 612/612/612 611/611/611 610/610/610
f 611/611/611 614/614/614 613/613/613
f 615/615/615 614/614/614 611/611/611
f 615/615/615 611/611/611 612/612/612
f 612/612/612 616/616/616 615/615/615
f 615/615/615 616/616/616 617/617/617
f 617/617/617 616/616/616 618/618/618
f 612/612/612 619/619/619 616/616/616
f 610/610/610 619/619/619 612/612/612
f 618/618/618 616/616/616 620/620/620
f 618/618/618 620/620/620 621/621/621
f 616/616/616 619/619/619 622/622/622
f 620/620/620 616/616/616 622/622/622
f 620/620/620 623/623/623 621/621/621
f 624/624/624 622/622/622 619/619/619
f 622/622/622 624/624/624 620/620/620
f 619/619/619 610/610/610 625/625/625
f 625/625/625 624/624/624 619/619/619
f 610/610/610 626/626/626 625/625/625
f 620/620/620 627/627/627 623/623/623
f 624/624/624 627/627/627 620/620/620
f 627/627/627 628/628/628 623/623/623
f 627/627/627 629/629/629 628/628/628
f 629/629/629 630/630/630 628/628/628
f 631/631/631 629/629/629 627/627/627
f 627/627/627 624/624/624 632/632/632
f 632/632/632 631/631/631 627/627/627
f 625/625/625 633/633/633 624/624/624
f 633/633/633 632/632/632 624/624/624
f 631/631/631 632/632/632 633/633/633
f 626/626/626 633/633/633 625/625/625
f 634/634/634 631/631/631 633/633/633
f 633/633/633 626/626/626 634/634/634
f 626/626/626 635/635/635 634/634/634
f 638/638/638 637/637/637 636/636/636
f 637/637/637 640/640/640 639/639/639
f 641/641/641 640/640/640 637/637/637
f 641/641/641 637/637/637 638/638/638
f 638/638/638 642/642/642 641/641/641
f 641/641/641 642/642/642 643/643/643
f 643/643/643 642/642/642 644/644/644
f 638/638/638 645/645/645 642/642/642
f 636/636/636 645/645/645 638/638/638
f 644/644/644 642/642/642 646/646/646
f 644/644/644 646/646/646 647/647/647
f 642/642/642 645/645/645 648/648/648
f 646/646/646 642/642/642 648/648/648
f 646/646/646 649/649/649 647/647/647
f 650/650/650 648/648/648 645/645/645
f 648/648/648 650/650/650 646/646/646
f 645/645/645 636/636/636 651/651/651
f 651/651/651 650/650/650 645/645/645
f 636/636/636 652/652/652 651/651/651
f 646/646/646 653/653/653 649/649/649
f 650/650/650 653/653/653 646/646/646
f 653/653/653 654/654/654 649/649/649
f 653/653/653 655/655/655 654/654/654
f 655/655/655 656/656/656 654/654/654
f 657/657/657 655/655/655 653/653/653
f 653/653/653 650/650/650 658/658/658
f 658/658/658 657/657/657 653/653/653
f 651/651/651 659/659/659 650/650/650
f 659/659/659 658/658/658 650/650/650
f 657/657/657 658/658/658 659/659/659
f 652/652/652 659/659/659 651/651/651
f 660/660/660 657/657/657 659/659/659
f 659/659/659 652/652/652 660/660/660
f 652/652/652 661/661/661 660/660/660
f 664/664/664 663/663/663 662/662/662
f 663/663/663 666/666/666 665/665/665
f 667/667/667 666/666/666 663/663/663
f 667/667/667 663/663/663 664/664/664
f 662/662/662 668/668/668 664/664/664
f 668/668/668 662/662/662 669/669/669
f 664/664/664 670/670/670 667/667/667
f 667/667/667 670/670/670 671/671/671
f 671/671/671 670/670/670 672/672/672
f 664/664/664 673/673/673 670/670/670
f 668/668/668 673/673/673 664/664/664
f 672/672/672 670/670/670 674/674/674
f 674/674/674 670/670/670 673/673/673
f 675/675/675 672/672/672 674/674/674
f 676/676/676 675/675/675 674/674/674
f 674/674/674 677/677/677 676/676/676
f 677/677/677 674/674/674 673/673/673
f 677/677/677 678/678/678 676/676/676
f 677/677/677 679/679/679 678/678/678
f 679/679/679 680/680/680 678/678/678
f 679/679/679 677/677/677 681/681/681
f 682/682/682 679/679/679 681/681/681
f 683/683/683 677/677/677 673/673/673
f 677/677/677 683/683/683 681/681/681
f 683/683/683 673/673/673 668/668/668
f 682/682/682 681/681/681 684/684/684
f 684/684/684 681/681/681 683/683/683
f 685/685/685 683/683/683 668/668/668
f 685/685/685 684/684/684 683/683/683
f 685/685/685 668/668/668 669/669/669
f 669/669/669 684/684/684 685/685/685
f 686/686/686 682/682/682 684/684/684
f 684/684/684 669/669/669 687/687/687
f 686/686/686 684/684/684 687/687/687
f 690/690/690 689/689/689 688/688/688
f 689/689/689 692/692/692 691/691/691
f 693/693/693 692/692/692 689/689/689
f 693/693/693 689/689/689 690/690/690
f 690/690/690 694/694/694 693/693/693
f 693/693/693 694/694/694 695/695/695
f 695/695/695 694/694/694 696/696/696
f 690/690/690 697/697/697 694/694/694
f 688/688/688 697/697/697 690/690/690
f 696/696/696 694/694/694 698/698/698
f 696/696/696 698/698/698 699/699/699
f 694/694/694 697/697/697 700/700/700
f 698/698/698 694/694/694 700/700/700
f 698/698/698 701/701/701 699/699/699
f 702/702/702 700/700/700 697/697/697
f 700/700/700 702/702/702 698/698/698
f 697/697/697 688/688/688 703/703/703
f 703/703/703 702/702/702 697/697/697
f 688/688/688 704/704/704 703/703/703
f 698/698/698 705/705/705 701/701/701
f 702/702/702 705/705/705 698/698/698
f 705/705/705 706/706/706 701/701/701
f 705/705/705 707/707/707 706/706/706
f 707/707/707 708/708/708 706/706/706
f 709/709/709 707/707/707 705/705/705
f 705/705/705 702/702/702 710/710/710
f 710/710/710 709/709/709 705/705/705
f 703/703/703 711/711/711 702/702/702
f 711/711/711 710/710/710 702/702/702
f 709/709/709 710/710/710 711/711/711
f 704/704/704 711/711/711 703/703/703
f 712/712/712 709/709/709 711/711/711
f 711/711/711 704/704/704 712/712/712
f 704/704/704 713/713/713 712/712/712
f 716/716/716 715/715/715 714/714/714
f 717/717/717 715/715/715 716/716/716
f 717/717/717 718/718/718 715/715/715
f 719/719/719 718/718/718 717/717/717
f 716/716/716 720/720/720 717/717/717
f 714/714/714 721/721/721 716/716/716
f 721/721/721 714/714/714 722/722/722
f 723/723/723 720/720/720 716/716/716
f 716/716/716 721/721/721 723/723/723
f 720/720/720 723/723/723 724/724/724
f 725/725/725 721/721/721 722/722/722
f 726/726/726 725/725/725 722/722/722
f 723/723/723 721/721/721 727/727/727
f 727/727/727 721/721/721 725/725/725
f 724/724/724 723/723/723 728/728/728
f 728/728/728 723/723/723 727/727/727
f 729/729/729 724/724/724 728/728/728
f 730/730/730 724/724/724 729/729/729
f 729/729/729 728/728/728 731/731/731
f 728/728/728 732/732/732 731/731/731
f 728/728/728 727/727/727 732/732/732
f 733/733/733 727/727/727 725/725/725
f 727/727/727 733/733/733 732/732/732
f 725/725/725 726/726/726 733/733/733
f 732/732/732 733/733/733 734/734/734
f 726/726/726 735/735/735 733/733/733
f 733/733/733 735/735/735 734/734/734
f 738/738/738 737/737/737 736/736/736
f 740/740/740 736/736/736 739/739/739
f 740/740/740 738/738/738 736/736/736
f 741/741/741 738/738/738 740/740/740
f 741/741/741 742/742/742 738/738/738
f 738/738/738 743/743/743 737/737/737
f 742/742/742 743/743/743 738/738/738
f 743/743/743 744/744/744 737/737/737
f 742/742/742 745/745/745 743/743/743
f 743/743/743 746/746/746 744/744/744
f 745/745/745 746/746/746 743/743/743
f 746/746/746 747/747/747 744/744/744
f 745/745/745 748/748/748 746/746/746
f 748/748/748 749/749/749 746/746/746
f 746/746/746 749/749/749 747/747/747
f 748/748/748 750/750/750 749/749/749
f 749/749/749 750/750/750 751/751/751
f 747/747/747 749/749/749 752/752/752
f 752/752/752 749/749/749 751/751/751
f 753/753/753 747/747/747 752/752/752
f 752/752/752 751/751/751 754/754/754
f 753/753/753 752/752/752 755/755/755
f 755/755/755 752/752/752 754/754/754
f 756/756/756 753/753/753 755/755/755
f 755/755/755 754/754/754 757/757/757
f 756/756/756 755/755/755 758/758/758
f 758/758/758 755/755/755 757/757/757
f 758/758/758 757/757/757 759/759/759
f 760/760/760 756/756/756 758/758/758
f 761/761/761 758/758/758 759/759/759
f 760/760/760 758/758/758 761/761/761
f 762/762/762 760/760/760 761/761/761
f 765/765/765 764/764/764 763/763/763
f 766/766/766 765/765/765 763/763/763
f 766/766/766 763/763/763 767/767/767
f 765/765/765 768/768/768 764/764/764
f 769/769/769 766/766/766 767/767/767
f 768/768/768 770/770/770 764/764/764
f 771/771/771 768/768/768 765/765/765
f 768/768/768 771/771/771 770/770/770
f 771/771/771 772/772/772 770/770/770
f 771/771/771 773/773/773 772/772/772
f 769/769/769 767/767/767 774/774/774
f 775/775/775 769/769/769 774/774/774
f 775/775/775 774/774/774 776/776/776
f 777/777/777 775/775/775 776/776/776
f 777/777/777 769/769/769 775/775/775
f 777/777/777 776/776/776 778/778/778
f 779/779/779 777/777/777 778/778/778
f 779/779/779 769/769/769 777/777/777
f 779/779/779 778/778/778 780/780/780
f 779/779/779 780/780/780 781/781/781
f 779/779/779 781/781/781 782/782/782
f 782/782/782 781/781/781 783/783/783
f 769/769/769 779/779/779 784/784/784
f 779/779/779 782/782/782 784/784/784
f 784/784/784 782/782/782 783/783/783
f 769/769/769 784/784/784 771/771/771
f 784/784/784 783/783/783 785/785/785
f 784/784/784 786/786/786 771/771/771
f 786/786/786 784/784/784 785/785/785
f 786/786/786 785/785/785 787/787/787
f 790/790/790 789/789/789 788/788/788
f 791/791/791 790/790/790 788/788/788
f 792/792/792 790/790/790 791/791/791
f 789/789/789 793/793/793 788/788/788
f 792/792/792 791/791/791 794/794/794
f 795/795/795 788/788/788 793/793/793
f 789/789/789 796/796/796 793/793/793
f 793/793/793 796/796/796 795/795/795
f 796/796/796 797/797/797 795/795/795
f 797/797/797 798/798/798 795/795/795
f 799/799/799 792/792/792 794/794/794
f 800/800/800 799/799/799 794/794/794
f 801/801/801 799/799/799 800/800/800
f 801/801/801 800/800/800 802/802/802
f 794/794/794 802/802/802 800/800/800
f 803/803/803 801/801/801 802/802/802
f 804/804/804 803/803/803 802/802/802
f 794/794/794 804/804/804 802/802/802
f 805/805/805 803/803/803 804/804/804
f 804/804/804 806/806/806 805/805/805
f 804/804/804 807/807/807 806/806/806
f 808/808/808 806/806/806 807/807/807
f 809/809/809 804/804/804 794/794/794
f 804/804/804 809/809/809 807/807/807
f 808/808/808 807/807/807 809/809/809
f 794/794/794 795/795/795 809/809/809
f 810/810/810 808/808/808 809/809/809
f 811/811/811 810/810/810 809/809/809
f 812/812/812 810/810/810 811/811/811
f 809/809/809 795/795/795 798/798/798
f 788/788/788 794/794/794 791/791/791
f 794/794/794 788/788/788 795/795/795
f 769/769/769 765/765/765 766/766/766
f 771/771/771 765/765/765 769/769/769
usemtl player
f 815/815/815 814/814/814 813/813/813
f 816/816/816 814/814/814 815/815/815
f 817/817/817 813/813/813 814/814/814
f 814/814/814 816/816/816 817/817/817
f 815/815/815 813/813/813 818/818/818
f 819/819/819 816/816/816 815/815/815
f 820/820/820 815/815/815 818/818/818
f 819/819/819 815/815/815 820/820/820
f 820/820/820 818/818/818 821/821/821
f 822/822/822 821/821/821 818/818/818
f 823/823/823 819/819/819 820/820/820
f 819/819/819 823/823/823 824/824/824
f 822/822/822 818/818/818 825/825/825
f 826/826/826 819/819/819 824/824/824
f 827/827/827 825/825/825 818/818/818
f 813/813/813 827/827/827 818/818/818
f 827/827/827 828/828/828 825/825/825
f 819/819/819 826/826/826 829/829/829
f 819/819/819 829/829/829 816/816/816
f 826/826/826 830/830/830 829/829/829
f 816/816/816 829/829/829 831/831/831
f 830/830/830 832/832/832 829/829/829
f 830/830/830 833/833/833 832/832/832
f 832/832/832 833/833/833 834/834/834
f 832/832/832 835/835/835 829/829/829
f 829/829/829 835/835/835 831/831/831
f 835/835/835 832/832/832 836/836/836
f 835/835/835 836/836/836 837/837/837
f 831/831/831 835/835/835 837/837/837
f 816/816/816 831/831/831 817/817/817
f 839/839/839 838/838/838 837/837/837
f 837/837/837 838/838/838 840/840/840
f 831/831/831 837/837/837 840/840/840
f 831/831/831 840/840/840 841/841/841
f 817/817/817 831/831/831 841/841/841
f 840/840/840 842/842/842 841/841/841
f 842/842/842 843/843/843 841/841/841
f 841/841/841 843/843/843 844/844/844
f 817/817/817 841/841/841 844/844/844
f 843/843/843 845/845/845 844/844/844
f 844/844/844 845/845/845 846/846/846
f 844/844/844 846/846/846 847/847/847
f 844/844/844 847/847/847 817/817/817
f 847/847/847 846/846/846 848/848/848
f 847/847/847 848/848/848 849/849/849
f 847/847/847 850/850/850 817/817/817
f 847/847/847 849/849/849 850/850/850
f 817/817/817 850/850/850 813/813/813
f 850/850/850 827/827/827 813/813/813
f 849/849/849 851/851/851 850/850/850
f 849/849/849 852/852/852 851/851/851
f 851/851/851 852/852/852 853/853/853
f 851/851/851 854/854/854 850/850/850
f 850/850/850 854/854/854 827/827/827
f 851/851/851 855/855/855 854/854/854
f 855/855/855 856/856/856 854/854/854
f 827/827/827 854/854/854 856/856/856
f 827/827/827 856/856/856 828/828/828
f 856/856/856 857/857/857 828/828/828
f 858/858/858 857/857/857 856/856/856
f 861/861/861 860/860/860 859/859/859
f 862/862/862 860/860/860 861/861/861
f 863/863/863 861/861/861 859/859/859
f 866/866/866 865/865/865 864/864/864
f 862/862/862 868/868/868 867/867/867
f 865/865/865 868/868/868 862/862/862
f 846/846/846 870/870/870 869/869/869
f 873/873/873 872/872/872 871/871/871
f 871/871/871 872/872/872 874/874/874
f 873/873/873 871/871/871 863/863/863
f 877/877/877 876/876/876 875/875/875
f 879/879/879 878/878/878 874/874/874
f 874/874/874 878/878/878 876/876/876
f 881/881/881 880/880/880 843/843/843
f 884/884/884 883/883/883 882/882/882
f 883/883/883 884/884/884 885/885/885
f 882/882/882 883/883/883 886/886/886
f 887/887/887 883/883/883 885/885/885
f 883/883/883 888/888/888 886/886/886
f 888/888/888 883/883/883 887/887/887
f 891/891/891 890/890/890 889/889/889
f 891/891/891 889/889/889 892/892/892
f 893/893/893 889/889/889 890/890/890
f 894/894/894 892/892/892 889/889/889
f 894/894/894 889/889/889 895/895/895
f 896/896/896 894/894/894 895/895/895
f 894/894/894 897/897/897 892/892/892
f 891/891/891 892/892/892 897/897/897
f 894/894/894 899/899/899 898/898/898
f 898/898/898 897/897/897 894/894/894
f 898/898/898 900/900/900 897/897/897
f 898/898/898 901/901/901 900/900/900
f 891/891/891 897/897/897 902/902/902
f 891/891/891 902/902/902 890/890/890
f 903/903/903 902/902/902 897/897/897
f 903/903/903 897/897/897 904/904/904
f 905/905/905 890/890/890 902/902/902
f 905/905/905 902/902/902 906/906/906
f 905/905/905 906/906/906 907/907/907
f 905/905/905 907/907/907 908/908/908
f 905/905/905 908/908/908 890/890/890
f 909/909/909 908/908/908 907/907/907
f 890/890/890 908/908/908 910/910/910
f 893/893/893 890/890/890 910/910/910
f 893/893/893 910/910/910 911/911/911
f 912/912/912 911/911/911 910/910/910
f 912/912/912 910/910/910 908/908/908
f 913/913/913 912/912/912 908/908/908
f 904/904/904 897/897/897 914/914/914
f 904/904/904 914/914/914 915/915/915
f 914/914/914 916/916/916 915/915/915
f 897/897/897 917/917/917 914/914/914
f 914/914/914 917/917/917 918/918/918
f 900/900/900 917/917/917 897/897/897
f 900/900/900 901/901/901 917/917/917
f 919/919/919 917/917/917 901/901/901
f 919/919/919 920/920/920 917/917/917
f 921/921/921 920/920/920 919/919/919
f 921/921/921 919/919/919 922/922/922
f 922/922/922 919/919/919 901/901/901
f 923/923/923 922/922/922 901/901/901
f 924/924/924 922/922/922 923/923/923
f 923/923/923 925/925/925 924/924/924
f 923/923/923 901/901/901 925/925/925
f 925/925/925 901/901/901 926/926/926
f 926/926/926 901/901/901 927/927/927
f 901/901/901 928/928/928 927/927/927
f 929/929/929 926/926/926 927/927/927
f 928/928/928 901/901/901 930/930/930
f 898/898/898 930/930/930 901/901/901
f 898/898/898 931/931/931 930/930/930
f 932/932/932 930/930/930 931/931/931
f 932/932/932 933/933/933 930/930/930
f 933/933/933 928/928/928 930/930/930
f 928/928/928 933/933/933 927/927/927
f 933/933/933 929/929/929 927/927/927
f 929/929/929 933/933/933 934/934/934
f 926/926/926 929/929/929 935/935/935
f 936/936/936 926/926/926 935/935/935
f 937/937/937 936/936/936 935/935/935
f 938/938/938 937/937/937 935/935/935
f 929/929/929 938/938/938 935/935/935
f 937/937/937 938/938/938 939/939/939
f 940/940/940 929/929/929 934/934/934
f 940/940/940 938/938/938 929/929/929
f 941/941/941 940/940/940 934/934/934
f 940/940/940 941/941/941 942/942/942
f 938/938/938 940/940/940 942/942/942
f 938/938/938 942/942/942 943/943/943
f 946/946/946 945/945/945 944/944/944
f 947/947/947 945/945/945 946/946/946
f 947/947/947 946/946/946 948/948/948
f 946/946/946 944/944/944 949/949/949
f 944/944/944 950/950/950 949/949/949
f 951/951/951 944/944/944 945/945/945
f 944/944/944 952/952/952 950/950/950
f 951/951/951 952/952/952 944/944/944
f 951/951/951 953/953/953 952/952/952
f 951/951/951 954/954/954 953/953/953
f 957/957/957 956/956/956 955/955/955
f 960/960/960 959/959/959 958/958/958
f 960/960/960 958/958/958 961/961/961
f 959/959/959 962/962/962 958/958/958
f 958/958/958 963/963/963 961/961/961
f 958/958/958 962/962/962 963/963/963
f 962/962/962 964/964/964 963/963/963
f 962/962/962 965/965/965 964/964/964
f 966/966/966 964/964/964 965/965/965
f 966/966/966 967/967/967 964/964/964
f 966/966/966 965/965/965 968/968/968
f 971/971/971 970/970/970 969/969/969
f 971/971/971 972/972/972 970/970/970
f 967/967/967 970/970/970 972/972/972
f 968/968/968 970/970/970 967/967/967
f 975/975/975 974/974/974 973/973/973
f 978/978/978 977/977/977 976/976/976
f 981/981/981 980/980/980 979/979/979
f 982/982/982 980/980/980 981/981/981
f 985/985/985 984/984/984 983/983/983
f 988/988/988 987/987/987 986/986/986
f 986/986/986 987/987/987 989/989/989
f 990/990/990 986/986/986 989/989/989
f 991/991/991 988/988/988 986/986/986
f 991/991/991 992/992/992 988/988/988
f 987/987/987 988/988/988 993/993/993
f 992/992/992 994/994/994 988/988/988
f 988/988/988 994/994/994 993/993/993
f 994/994/994 995/995/995 993/993/993
f 995/995/995 996/996/996 993/993/993
f 999/999/999 998/998/998 997/997/997
f 1001/1001/1001 1000/1000/1000 960/960/960
f 1002/1002/1002 1001/1001/1001 960/960/960
f 1001/1001/1001 1003/1003/1003 1000/1000/1000
f 1002/1002/1002 1004/1004/1004 1001/1001/1001
f 1004/1004/1004 1003/1003/1003 1001/1001/1001
f 1004/1004/1004 1005/1005/1005 1003/1003/1003
f 1005/1005/1005 1006/1006/1006 1003/1003/1003
f 1006/1006/1006 1005/1005/1005 1007/1007/1007
f 1005/1005/1005 1008/1008/1008 1007/1007/1007
f 1009/1009/1009 1006/1006/1006 1007/1007/1007
f 1012/1012/1012 1011/1011/1011 1010/1010/1010
f 1011/1011/1011 1013/1013/1013 1010/1010/1010
f 1013/1013/1013 1011/1011/1011 1008/1008/1008
f 1008/1008/1008 1011/1011/1011 1009/1009/1009
f 1016/1016/1016 1015/1015/1015 1014/1014/1014
f 1019/1019/1019 1018/1018/1018 1017/1017/1017
f 1022/1022/1022 1021/1021/1021 1020/1020/1020
f 1023/1023/1023 1020/1020/1020 1021/1021/1021
f 1026/1026/1026 1025/1025/1025 1024/1024/1024
f 1029/1029/1029 1028/1028/1028 1027/1027/1027
f 1028/1028/1028 1029/1029/1029 1030/1030/1030
f 1029/1029/1029 1031/1031/1031 1030/1030/1030
f 1032/1032/1032 1029/1029/1029 1027/1027/1027
f 1032/1032/1032 1027/1027/1027 1033/1033/1033
f 1034/1034/1034 1029/1029/1029 1032/1032/1032
f 1035/1035/1035 1034/1034/1034 1032/1032/1032
f 1038/1038/1038 1037/1037/1037 1036/1036/1036
f 1041/1041/1041 1040/1040/1040 1039/1039/1039
f 1040/1040/1040 1042/1042/1042 1039/1039/1039
f 1043/1043/1043 1041/1041/1041 1039/1039/1039
f 1043/1043/1043 1039/1039/1039 1042/1042/1042
f 1042/1042/1042 1044/1044/1044 1043/1043/1043
f 1044/1044/1044 1042/1042/1042 1045/1045/1045
f 1044/1044/1044 1046/1046/1046 1043/1043/1043
f 1044/1044/1044 1045/1045/1045 1046/1046/1046
f 1049/1049/1049 1048/1048/1048 1047/1047/1047
f 1050/1050/1050 1047/1047/1047 1048/1048/1048
f 1051/1051/1051 1049/1049/1049 1047/1047/1047
f 1049/1049/1049 1052/1052/1052 1048/1048/1048
f 1052/1052/1052 1049/1049/1049 1053/1053/1053
f 1054/1054/1054 1048/1048/1048 1052/1052/1052
f 1057/1057/1057 1056/1056/1056 1055/1055/1055
f 1058/1058/1058 1055/1055/1055 1056/1056/1056
f 1059/1059/1059 1057/1057/1057 1055/1055/1055
f 1057/1057/1057 1060/1060/1060 1056/1056/1056
f 1060/1060/1060 1057/1057/1057 1061/1061/1061
f 1062/1062/1062 1056/1056/1056 1060/1060/1060
f 1065/1065/1065 1064/1064/1064 1063/1063/1063
f 1066/1066/1066 1063/1063/1063 1064/1064/1064
f 1067/1067/1067 1065/1065/1065 1063/1063/1063
f 1065/1065/1065 1068/1068/1068 1064/1064/1064
f 1068/1068/1068 1065/1065/1065 1069/1069/1069
f 1070/1070/1070 1064/1064/1064 1068/1068/1068
f 1073/1073/1073 1072/1072/1072 1071/1071/1071
f 1074/1074/1074 1073/1073/1073 1071/1071/1071
f 1075/1075/1075 1073/1073/1073 1074/1074/1074
f 1076/1076/1076 1072/1072/1072 1073/1073/1073
f 1076/1076/1076 1077/1077/1077 1072/1072/1072
f 1080/1080/1080 1079/1079/1079 1078/1078/1078
f 1080/1080/1080 1078/1078/1078 1081/1081/1081
f 1081/1081/1081 1078/1078/1078 1082/1082/1082
f 1078/1078/1078 1079/1079/1079 1083/1083/1083
f 1083/1083/1083 1079/1079/1079 1084/1084/1084
f 1087/1087/1087 1086/1086/1086 1085/1085/1085
f 1087/1087/1087 1085/1085/1085 1088/1088/1088
f 1087/1087/1087 1089/1089/1089 1086/1086/1086
f 1089/1089/1089 1090/1090/1090 1086/1086/1086
f 1091/1091/1091 1090/1090/1090 1089/1089/1089
f 1092/1092/1092 1090/1090/1090 1091/1091/1091
f 1090/1090/1090 1093/1093/1093 1086/1086/1086
f 1086/1086/1086 1093/1093/1093 1094/1094/1094
f 1086/1086/1086 1094/1094/1094 1085/1085/1085
f 1085/1085/1085 1094/1094/1094 1095/1095/1095
f 1090/1090/1090 1096/1096/1096 1093/1093/1093
f 1092/1092/1092 1096/1096/1096 1090/1090/1090
f 1093/1093/1093 1096/1096/1096 1097/1097/1097
f 1098/1098/1098 1096/1096/1096 1092/1092/1092
f 1096/1096/1096 1099/1099/1099 1097/1097/1097
f 1098/1098/1098 1099/1099/1099 1096/1096/1096
f 1097/1097/1097 1099/1099/1099 1100/1100/1100
f 1101/1101/1101 1099/1099/1099 1098/1098/1098
f 1099/1099/1099 1102/1102/1102 1100/1100/1100
f 1103/1103/1103 1095/1095/1095 1102/1102/1102
f 1103/1103/1103 1102/1102/1102 1099/1099/1099
f 1085/1085/1085 1095/1095/1095 1103/1103/1103
f 1101/1101/1101 1104/1104/1104 1099/1099/1099
f 1099/1099/1099 1104/1104/1104 1103/1103/1103
f 1105/1105/1105 1104/1104/1104 1101/1101/1101
f 1106/1106/1106 1085/1085/1085 1103/1103/1103
f 1104/1104/1104 1106/1106/1106 1103/1103/1103
f 1106/1106/1106 1107/1107/1107 1085/1085/1085
f 1104/1104/1104 1107/1107/1107 1106/1106/1106
f 1105/1105/1105 1108/1108/1108 1104/1104/1104
f 1109/1109/1109 1108/1108/1108 1105/1105/1105
f 1112/1112/1112 1111/1111/1111 1110/1110/1110
f 1113/1113/1113 1111/1111/1111 1112/1112/1112
f 1111/1111/1111 1114/1114/1114 1110/1110/1110
f 1113/1113/1113 1115/1115/1115 1111/1111/1111
f 1111/1111/1111 1116/1116/1116 1114/1114/1114
f 1111/1111/1111 1115/1115/1115 1116/1116/1116
f 1091/1091/1091 1118/1118/1118 1117/1117/1117
f 1121/1121/1121 1120/1120/1120 1119/1119/1119
f 1122/1122/1122 1121/1121/1121 1119/1119/1119
f 1120/1120/1120 1123/1123/1123 1119/1119/1119
f 1121/1121/1121 1124/1124/1124 1120/1120/1120
f 1125/1125/1125 1124/1124/1124 1121/1121/1121
f 1124/1124/1124 1126/1126/1126 1120/1120/1120
f 1120/1120/1120 1127/1127/1127 1123/1123/1123
f 1120/1120/1120 1126/1126/1126 1127/1127/1127
f 1123/1123/1123 1127/1127/1127 1128/1128/1128
f 1129/1129/1129 1123/1123/1123 1128/1128/1128
f 1128/1128/1128 1127/1127/1127 1130/1130/1130
f 1126/1126/1126 1131/1131/1131 1127/1127/1127
f 1127/1127/1127 1131/1131/1131 1130/1130/1130
f 1132/1132/1132 1131/1131/1131 1126/1126/1126
f 1130/1130/1130 1131/1131/1131 1133/1133/1133
f 1132/1132/1132 1134/1134/1134 1131/1131/1131
f 1131/1131/1131 1134/1134/1134 1133/1133/1133
f 1135/1135/1135 1134/1134/1134 1132/1132/1132
f 1133/1133/1133 1134/1134/1134 1136/1136/1136
f 1134/1134/1134 1137/1137/1137 1136/1136/1136
f 1136/1136/1136 1137/1137/1137 1138/1138/1138
f 1137/1137/1137 1139/1139/1139 1138/1138/1138
f 1138/1138/1138 1139/1139/1139 1140/1140/1140
f 1143/1143/1143 1142/1142/1142 1141/1141/1141
f 1142/1142/1142 1144/1144/1144 1141/1141/1141
f 1141/1141/1141 1144/1144/1144 1145/1145/1145
f 1143/1143/1143 1141/1141/1141 1145/1145/1145
f 1143/1143/1143 1146/1146/1146 1142/1142/1142
f 1143/1143/1143 1145/1145/1145 1147/1147/1147
f 1148/1148/1148 1146/1146/1146 1143/1143/1143
f 1147/1147/1147 1148/1148/1148 1143/1143/1143
f 1149/1149/1149 1148/1148/1148 1147/1147/1147
f 1152/1152/1152 1151/1151/1151 1150/1150/1150
f 1152/1152/1152 1153/1153/1153 1151/1151/1151
f 1150/1150/1150 1151/1151/1151 1154/1154/1154
f 1153/1153/1153 1155/1155/1155 1151/1151/1151
f 1151/1151/1151 1156/1156/1156 1154/1154/1154
f 1155/1155/1155 1156/1156/1156 1151/1151/1151
f 1159/1159/1159 1158/1158/1158 1157/1157/1157
f 1160/1160/1160 1158/1158/1158 1159/1159/1159
f 1160/1160/1160 1161/1161/1161 1158/1158/1158
f 1162/1162/1162 1161/1161/1161 1160/1160/1160
f 1162/1162/1162 1163/1163/1163 1161/1161/1161
f 1162/1162/1162 1164/1164/1164 1163/1163/1163
f 1162/1162/1162 1165/1165/1165 1164/1164/1164
f 1166/1166/1166 1162/1162/1162 1160/1160/1160
f 1166/1166/1166 1167/1167/1167 1162/1162/1162
f 1168/1168/1168 1167/1167/1167 1166/1166/1166
f 1169/1169/1169 1166/1166/1166 1160/1160/1160
f 1169/1169/1169 1160/1160/1160 1159/1159/1159
f 1170/1170/1170 1166/1166/1166 1169/1169/1169
f 1170/1170/1170 1168/1168/1168 1166/1166/1166
f 1171/1171/1171 1169/1169/1169 1159/1159/1159
f 1173/1173/1173 1172/1172/1172 1168/1168/1168
f 1174/1174/1174 1173/1173/1173 1168/1168/1168
f 1175/1175/1175 1174/1174/1174 1168/1168/1168
f 1170/1170/1170 1175/1175/1175 1168/1168/1168
f 1170/1170/1170 1176/1176/1176 1175/1175/1175
f 1177/1177/1177 1170/1170/1170 1169/1169/1169
f 1170/1170/1170 1177/1177/1177 1176/1176/1176
f 1177/1177/1177 1169/1169/1169 1171/1171/1171
f 1178/1178/1178 1176/1176/1176 1177/1177/1177
f 1179/1179/1179 1178/1178/1178 1177/1177/1177
f 1179/1179/1179 1177/1177/1177 1171/1171/1171
f 1180/1180/1180 1178/1178/1178 1179/1179/1179
f 1180/1180/1180 1181/1181/1181 1178/1178/1178
f 1181/1181/1181 1182/1182/1182 1178/1178/1178
f 1180/1180/1180 1179/1179/1179 1183/1183/1183
f 1184/1184/1184 1182/1182/1182 1181/1181/1181
f 1183/1183/1183 1179/1179/1179 1185/1185/1185
f 1185/1185/1185 1179/1179/1179 1171/1171/1171
f 1186/1186/1186 1181/1181/1181 1183/1183/1183
f 1187/1187/1187 1184/1184/1184 1181/1181/1181
f 1187/1187/1187 1181/1181/1181 1186/1186/1186
f 1188/1188/1188 1184/1184/1184 1187/1187/1187
f 1189/1189/1189 1188/1188/1188 1187/1187/1187
f 1189/1189/1189 1187/1187/1187 1186/1186/1186
f 1186/1186/1186 1183/1183/1183 1190/1190/1190
f 1190/1190/1190 1183/1183/1183 1185/1185/1185
f 1191/1191/1191 1186/1186/1186 1190/1190/1190
f 1191/1191/1191 1190/1190/1190 1192/1192/1192
f 1190/1190/1190 1185/1185/1185 1192/1192/1192
f 1192/1192/1192 1185/1185/1185 1193/1193/1193
f 1185/1185/1185 1171/1171/1171 1193/1193/1193
f 1192/1192/1192 1193/1193/1193 1194/1194/1194
f 1195/1195/1195 1192/1192/1192 1194/1194/1194
f 1195/1195/1195 1194/1194/1194 1196/1196/1196
f 1194/1194/1194 1197/1197/1197 1196/1196/1196
f 1194/1194/1194 1193/1193/1193 1197/1197/1197
f 1196/1196/1196 1197/1197/1197 1198/1198/1198
f 1193/1193/1193 1171/1171/1171 1199/1199/1199
f 1171/1171/1171 1159/1159/1159 1199/1199/1199
f 1200/1200/1200 1193/1193/1193 1199/1199/1199
f 1159/1159/1159 1157/1157/1157 1199/1199/1199
f 1200/1200/1200 1199/1199/1199 1157/1157/1157
f 1200/1200/1200 1157/1157/1157 1197/1197/1197
f 1197/1197/1197 1157/1157/1157 1198/1198/1198
f 1198/1198/1198 1157/1157/1157 1201/1201/1201
f 1204/1204/1204 1203/1203/1203 1202/1202/1202
f 1205/1205/1205 1204/1204/1204 1202/1202/1202
f 1206/1206/1206 1204/1204/1204 1205/1205/1205
f 1207/1207/1207 1204/1204/1204 1206/1206/1206
f 1208/1208/1208 1207/1207/1207 1206/1206/1206
f 1208/1208/1208 1206/1206/1206 1209/1209/1209
f 1206/1206/1206 1205/1205/1205 1209/1209/1209
f 1209/1209/1209 1205/1205/1205 1210/1210/1210
f 1205/1205/1205 1211/1211/1211 1210/1210/1210
f 1210/1210/1210 1211/1211/1211 1212/1212/1212
f 1215/1215/1215 1214/1214/1214 1213/1213/1213
f 1216/1216/1216 1215/1215/1215 1213/1213/1213
f 1218/1218/1218 1217/1217/1217 1214/1214/1214
f 1219/1219/1219 1217/1217/1217 1218/1218/1218
f 1222/1222/1222 1221/1221/1221 1220/1220/1220
f 1225/1225/1225 1224/1224/1224 1223/1223/1223
f 1228/1228/1228 1227/1227/1227 1226/1226/1226
f 1229/1229/1229 1227/1227/1227 1228/1228/1228
f 1232/1232/1232 1231/1231/1231 1230/1230/1230
f 1233/1233/1233 1232/1232/1232 1230/1230/1230
f 1232/1232/1232 1234/1234/1234 1231/1231/1231
f 1233/1233/1233 1235/1235/1235 1232/1232/1232
f 1236/1236/1236 1235/1235/1235 1233/1233/1233
f 1237/1237/1237 1235/1235/1235 1236/1236/1236
f 1238/1238/1238 1231/1231/1231 1234/1234/1234
f 1238/1238/1238 1234/1234/1234 1239/1239/1239
f 1239/1239/1239 1240/1240/1240 1238/1238/1238
f 1238/1238/1238 1240/1240/1240 1241/1241/1241
f 1244/1244/1244 1243/1243/1243 1242/1242/1242
f 1244/1244/1244 1245/1245/1245 1243/1243/1243
f 1244/1244/1244 1246/1246/1246 1245/1245/1245
f 1244/1244/1244 1247/1247/1247 1246/1246/1246
f 1250/1250/1250 1249/1249/1249 1248/1248/1248
f 1250/1250/1250 1248/1248/1248 1251/1251/1251
f 1249/1249/1249 1252/1252/1252 1248/1248/1248
f 1248/1248/1248 1253/1253/1253 1251/1251/1251
f 1251/1251/1251 1253/1253/1253 1254/1254/1254
f 1254/1254/1254 1253/1253/1253 1255/1255/1255
f 1252/1252/1252 1249/1249/1249 1256/1256/1256
f 1257/1257/1257 1252/1252/1252 1256/1256/1256
f 1256/1256/1256 1258/1258/1258 1257/1257/1257
f 1259/1259/1259 1258/1258/1258 1256/1256/1256
f 1262/1262/1262 1261/1261/1261 1260/1260/1260
f 1261/1261/1261 1263/1263/1263 1260/1260/1260
f 1263/1263/1263 1264/1264/1264 1260/1260/1260
f 1264/1264/1264 1265/1265/1265 1260/1260/1260
f 1268/1268/1268 1267/1267/1267 1266/1266/1266
f 1271/1271/1271 1270/1270/1270 1269/1269/1269
f 1274/1274/1274 1273/1273/1273 1272/1272/1272
f 1277/1277/1277 1276/1276/1276 1275/1275/1275
f 1280/1280/1280 1279/1279/1279 1278/1278/1278
f 1283/1283/1283 1282/1282/1282 1281/1281/1281
f 1286/1286/1286 1285/1285/1285 1284/1284/1284
f 1289/1289/1289 1288/1288/1288 1287/1287/1287
f 1292/1292/1292 1291/1291/1291 1290/1290/1290
f 1295/1295/1295 1294/1294/1294 1293/1293/1293
f 1298/1298/1298 1297/1297/1297 1296/1296/1296
f 1301/1301/1301 1300/1300/1300 1299/1299/1299
f 1304/1304/1304 1303/1303/1303 1302/1302/1302
f 1307/1307/1307 1306/1306/1306 1305/1305/1305
f 1310/1310/1310 1309/1309/1309 1308/1308/1308
f 1313/1313/1313 1312/1312/1312 1311/1311/1311
f 1316/1316/1316 1315/1315/1315 1314/1314/1314
f 1317/1317/1317 1315/1315/1315 1316/1316/1316
f 1316/1316/1316 1314/1314/1314 1318/1318/1318
f 1317/1317/1317 1319/1319/1319 1315/1315/1315
f 1320/1320/1320 1319/1319/1319 1317/1317/1317
f 1321/1321/1321 1314/1314/1314 1315/1315/1315
f 1321/1321/1321 1315/1315/1315 1319/1319/1319
f 1318/1318/1318 1314/1314/1314 1322/1322/1322
f 1321/1321/1321 1322/1322/1322 1314/1314/1314
f 1318/1318/1318 1322/1322/1322 1323/1323/1323
f 1320/1320/1320 1324/1324/1324 1319/1319/1319
f 1321/1321/1321 1319/1319/1319 1324/1324/1324
f 1325/1325/1325 1324/1324/1324 1320/1320/1320
f 1325/1325/1325 1326/1326/1326 1324/1324/1324
f 1321/1321/1321 1324/1324/1324 1326/1326/1326
f 1327/1327/1327 1326/1326/1326 1325/1325/1325
f 1323/1323/1323 1322/1322/1322 1328/1328/1328
f 1321/1321/1321 1328/1328/1328 1322/1322/1322
f 1323/1323/1323 1328/1328/1328 1329/1329/1329
f 1327/1327/1327 1330/1330/1330 1326/1326/1326
f 1329/1329/1329 1330/1330/1330 1327/1327/1327
f 1321/1321/1321 1326/1326/1326 1330/1330/1330
f 1329/1329/1329 1328/1328/1328 1330/1330/1330
f 1321/1321/1321 1330/1330/1330 1328/1328/1328
f 1333/1333/1333 1332/1332/1332 1331/1331/1331
f 1334/1334/1334 1332/1332/1332 1333/1333/1333
f 1335/1335/1335 1334/1334/1334 1333/1333/1333
f 1332/1332/1332 1336/1336/1336 1331/1331/1331
f 1331/1331/1331 1336/1336/1336 1337/1337/1337
f 1332/1332/1332 1334/1334/1334 1338/1338/1338
f 1336/1336/1336 1332/1332/1332 1338/1338/1338
f 1339/1339/1339 1334/1334/1334 1335/1335/1335
f 1334/1334/1334 1339/1339/1339 1338/1338/1338
f 1340/1340/1340 1339/1339/1339 1335/1335/1335
f 1336/1336/1336 1341/1341/1341 1337/1337/1337
f 1341/1341/1341 1336/1336/1336 1338/1338/1338
f 1337/1337/1337 1341/1341/1341 1342/1342/1342
f 1343/1343/1343 1339/1339/1339 1340/1340/1340
f 1339/1339/1339 1343/1343/1343 1338/1338/1338
f 1344/1344/1344 1343/1343/1343 1340/1340/1340
f 1345/1345/1345 1343/1343/1343 1344/1344/1344
f 1343/1343/1343 1345/1345/1345 1338/1338/1338
f 1346/1346/1346 1345/1345/1345 1344/1344/1344
f 1347/1347/1347 1341/1341/1341 1338/1338/1338
f 1341/1341/1341 1347/1347/1347 1342/1342/1342
f 1345/1345/1345 1347/1347/1347 1338/1338/1338
f 1342/1342/1342 1347/1347/1347 1346/1346/1346
f 1347/1347/1347 1345/1345/1345 1346/1346/1346
f 1350/1350/1350 1349/1349/1349 1348/1348/1348
f 1350/1350/1350 1351/1351/1351 1349/1349/1349
f 1352/1352/1352 1351/1351/1351 1350/1350/1350
f 1349/1349/1349 1353/1353/1353 1348/1348/1348
f 1353/1353/1353 1349/1349/1349 1351/1351/1351
f 1353/1353/1353 1354/1354/1354 1348/1348/1348
f 1354/1354/1354 1353/1353/1353 1355/1355/1355
f 1353/1353/1353 1351/1351/1351 1356/1356/1356
f 1353/1353/1353 1356/1356/1356 1355/1355/1355
f 1352/1352/1352 1356/1356/1356 1351/1351/1351
f 1357/1357/1357 1355/1355/1355 1356/1356/1356
f 1357/1357/1357 1356/1356/1356 1352/1352/1352
f 1360/1360/1360 1359/1359/1359 1358/1358/1358
f 1359/1359/1359 1361/1361/1361 1358/1358/1358
f 1358/1358/1358 1361/1361/1361 1362/1362/1362
f 1360/1360/1360 1363/1363/1363 1359/1359/1359
f 1361/1361/1361 1359/1359/1359 1363/1363/1363
f 1360/1360/1360 1364/1364/1364 1363/1363/1363
f 1365/1365/1365 1363/1363/1363 1364/1364/1364
f 1366/1366/1366 1361/1361/1361 1363/1363/1363
f 1361/1361/1361 1366/1366/1366 1362/1362/1362
f 1365/1365/1365 1366/1366/1366 1363/1363/1363
f 1362/1362/1362 1366/1366/1366 1367/1367/1367
f 1366/1366/1366 1365/1365/1365 1367/1367/1367
f 1368/1368/1368 883/883/883 882/882/882
f 883/883/883 1368/1368/1368 885/885/885
f 882/882/882 883/883/883 886/886/886
f 1369/1369/1369 883/883/883 885/885/885
f 883/883/883 1370/1370/1370 886/886/886
f 1370/1370/1370 883/883/883 1369/1369/1369
f 1016/1016/1016 1014/1014/1014 1371/1371/1371
f 1016/1016/1016 1373/1373/1373 1372/1372/1372
f 975/975/975 1374/1374/1374 974/974/974
f 975/975/975 1376/1376/1376 1375/1375/1375
usemtl player
f 1379/1379/1379 1378/1378/1378 1377/1377/1377
f 1380/1380/1380 1378/1378/1378 1379/1379/1379
f 1379/1379/1379 1377/1377/1377 1381/1381/1381
f 1378/1378/1378 1382/1382/1382 1377/1377/1377
f 1378/1378/1378 1383/1383/1383 1382/1382/1382
f 1377/1377/1377 1382/1382/1382 1384/1384/1384
f 1385/1385/1385 1383/1383/1383 1378/1378/1378
f 1380/1380/1380 1385/1385/1385 1378/1378/1378
f 1385/1385/1385 1386/1386/1386 1383/1383/1383
f 1387/1387/1387 1385/1385/1385 1380/1380/1380
f 1381/1381/1381 1377/1377/1377 1388/1388/1388
f 1377/1377/1377 1384/1384/1384 1388/1388/1388
f 1381/1381/1381 1388/1388/1388 1389/1389/1389
f 1388/1388/1388 1384/1384/1384 1390/1390/1390
f 1389/1389/1389 1388/1388/1388 1391/1391/1391
f 1388/1388/1388 1390/1390/1390 1391/1391/1391
f 1389/1389/1389 1391/1391/1391 1392/1392/1392
f 1391/1391/1391 1390/1390/1390 1393/1393/1393
f 1392/1392/1392 1391/1391/1391 1394/1394/1394
f 1391/1391/1391 1393/1393/1393 1394/1394/1394
f 1392/1392/1392 1394/1394/1394 1395/1395/1395
f 1394/1394/1394 1393/1393/1393 1396/1396/1396
f 1395/1395/1395 1394/1394/1394 1397/1397/1397
f 1394/1394/1394 1396/1396/1396 1397/1397/1397
f 1395/1395/1395 1397/1397/1397 1398/1398/1398
f 1397/1397/1397 1396/1396/1396 1399/1399/1399
f 1398/1398/1398 1397/1397/1397 1400/1400/1400
f 1397/1397/1397 1399/1399/1399 1400/1400/1400
f 1398/1398/1398 1400/1400/1400 1387/1387/1387
f 1400/1400/1400 1399/1399/1399 1386/1386/1386
f 1387/1387/1387 1400/1400/1400 1385/1385/1385
f 1400/1400/1400 1386/1386/1386 1385/1385/1385
f 1403/1403/1403 1402/1402/1402 1401/1401/1401
f 1404/1404/1404 1402/1402/1402 1403/1403/1403
f 1405/1405/1405 1404/1404/1404 1403/1403/1403
f 1402/1402/1402 1406/1406/1406 1401/1401/1401
f 1401/1401/1401 1406/1406/1406 1407/1407/1407
f 1404/1404/1404 1408/1408/1408 1402/1402/1402
f 1408/1408/1408 1409/1409/1409 1402/1402/1402
f 1402/1402/1402 1409/1409/1409 1406/1406/1406
f 1410/1410/1410 1408/1408/1408 1404/1404/1404
f 1409/1409/1409 1411/1411/1411 1406/1406/1406
f 1412/1412/1412 1404/1404/1404 1405/1405/1405
f 1412/1412/1412 1410/1410/1410 1404/1404/1404
f 1413/1413/1413 1412/1412/1412 1405/1405/1405
f 1414/1414/1414 1410/1410/1410 1412/1412/1412
f 1406/1406/1406 1411/1411/1411 1415/1415/1415
f 1406/1406/1406 1415/1415/1415 1407/1407/1407
f 1411/1411/1411 1416/1416/1416 1415/1415/1415
f 1407/1407/1407 1415/1415/1415 1417/1417/1417
f 1415/1415/1415 1416/1416/1416 1418/1418/1418
f 1415/1415/1415 1418/1418/1418 1417/1417/1417
f 1416/1416/1416 1419/1419/1419 1418/1418/1418
f 1417/1417/1417 1418/1418/1418 1420/1420/1420
f 1418/1418/1418 1419/1419/1419 1421/1421/1421
f 1418/1418/1418 1421/1421/1421 1420/1420/1420
f 1419/1419/1419 1422/1422/1422 1421/1421/1421
f 1420/1420/1420 1421/1421/1421 1423/1423/1423
f 1421/1421/1421 1422/1422/1422 1424/1424/1424
f 1421/1421/1421 1424/1424/1424 1423/1423/1423
f 1422/1422/1422 1414/1414/1414 1424/1424/1424
f 1424/1424/1424 1414/1414/1414 1412/1412/1412
f 1423/1423/1423 1424/1424/1424 1413/1413/1413
f 1424/1424/1424 1412/1412/1412 1413/1413/1413
f 1427/1427/1427 1426/1426/1426 1425/1425/1425
f 1428/1428/1428 1426/1426/1426 1427/1427/1427
f 1427/1427/1427 1425/1425/1425 1429/1429/1429
f 1426/1426/1426 1430/1430/1430 1425/1425/1425
f 1426/1426/1426 1431/1431/1431 1430/1430/1430
f 1425/1425/1425 1430/1430/1430 1432/1432/1432
f 1433/1433/1433 1431/1431/1431 1426/1426/1426
f 1428/1428/1428 1433/1433/1433 1426/1426/1426
f 1433/1433/1433 1434/1434/1434 1431/1431/1431
f 1435/1435/1435 1433/1433/1433 1428/1428/1428
f 1429/1429/1429 1425/1425/1425 1436/1436/1436
f 1425/1425/1425 1432/1432/1432 1436/1436/1436
f 1429/1429/1429 1436/1436/1436 1437/1437/1437
f 1436/1436/1436 1432/1432/1432 1438/1438/1438
f 1437/1437/1437 1436/1436/1436 1439/1439/1439
f 1436/1436/1436 1438/1438/1438 1439/1439/1439
f 1437/1437/1437 1439/1439/1439 1440/1440/1440
f 1439/1439/1439 1438/1438/1438 1441/1441/1441
f 1440/1440/1440 1439/1439/1439 1442/1442/1442
f 1439/1439/1439 1441/1441/1441 1442/1442/1442
f 1440/1440/1440 1442/1442/1442 1443/1443/1443
f 1442/1442/1442 1441/1441/1441 1444/1444/1444
f 1443/1443/1443 1442/1442/1442 1445/1445/1445
f 1442/1442/1442 1444/1444/1444 1445/1445/1445
f 1443/1443/1443 1445/1445/1445 1446/1446/1446
f 1445/1445/1445 1444/1444/1444 1447/1447/1447
f 1446/1446/1446 1445/1445/1445 1448/1448/1448
f 1445/1445/1445 1447/1447/1447 1448/1448/1448
f 1446/1446/1446 1448/1448/1448 1435/1435/1435
f 1448/1448/1448 1447/1447/1447 1434/1434/1434
f 1435/1435/1435 1448/1448/1448 1433/1433/1433
f 1448/1448/1448 1434/1434/1434 1433/1433/1433
f 1451/1451/1451 1450/1450/1450 1449/1449/1449
f 1452/1452/1452 1450/1450/1450 1451/1451/1451
f 1453/1453/1453 1452/1452/1452 1451/1451/1451
f 1450/1450/1450 1454/1454/1454 1449/1449/1449
f 1449/1449/1449 1454/1454/1454 1455/1455/1455
f 1452/1452/1452 1456/1456/1456 1450/1450/1450
f 1456/1456/1456 1457/1457/1457 1450/1450/1450
f 1450/1450/1450 1457/1457/1457 1454/1454/1454
f 1458/1458/1458 1456/1456/1456 1452/1452/1452
f 1457/1457/1457 1459/1459/1459 1454/1454/1454
f 1460/1460/1460 1452/1452/1452 1453/1453/1453
f 1460/1460/1460 1458/1458/1458 1452/1452/1452
f 1461/1461/1461 1460/1460/1460 1453/1453/1453
f 1462/1462/1462 1458/1458/1458 1460/1460/1460
f 1454/1454/1454 1459/1459/1459 1463/1463/1463
f 1454/1454/1454 1463/1463/1463 1455/1455/1455
f 1459/1459/1459 1464/1464/1464 1463/1463/1463
f 1455/1455/1455 1463/1463/1463 1465/1465/1465
f 1463/1463/1463 1464/1464/1464 1466/1466/1466
f 1463/1463/1463 1466/1466/1466 1465/1465/1465
f 1464/1464/1464 1467/1467/1467 1466/1466/1466
f 1465/1465/1465 1466/1466/1466 1468/1468/1468
f 1466/1466/1466 1467/1467/1467 1469/1469/1469
f 1466/1466/1466 1469/1469/1469 1468/1468/1468
f 1467/1467/1467 1470/1470/1470 1469/1469/1469
f 1468/1468/1468 1469/1469/1469 1471/1471/1471
f 1469/1469/1469 1470/1470/1470 1472/1472/1472
f 1469/1469/1469 1472/1472/1472 1471/1471/1471
f 1470/1470/1470 1462/1462/1462 1472/1472/1472
f 1472/1472/1472 1462/1462/1462 1460/1460/1460
f 1471/1471/1471 1472/1472/1472 1461/1461/1461
f 1472/1472/1472 1460/1460/1460 1461/1461/1461
f 1475/1475/1475 1474/1474/1474 1473/1473/1473
f 1476/1476/1476 1474/1474/1474 1475/1475/1475
f 1477/1477/1477 1476/1476/1476 1475/1475/1475
f 1474/1474/1474 1478/1478/1478 1473/1473/1473
f 1473/1473/1473 1478/1478/1478 1479/1479/1479
f 1476/1476/1476 1480/1480/1480 1474/1474/1474
f 1480/1480/1480 1481/1481/1481 1474/1474/1474
f 1474/1474/1474 1481/1481/1481 1478/1478/1478
f 1482/1482/1482 1480/1480/1480 1476/1476/1476
f 1481/1481/1481 1483/1483/1483 1478/1478/1478
f 1484/1484/1484 1476/1476/1476 1477/1477/1477
f 1484/1484/1484 1482/1482/1482 1476/1476/1476
f 1485/1485/1485 1484/1484/1484 1477/1477/1477
f 1486/1486/1486 1482/1482/1482 1484/1484/1484
f 1478/1478/1478 1483/1483/1483 1487/1487/1487
f 1478/1478/1478 1487/1487/1487 1479/1479/1479
f 1483/1483/1483 1488/1488/1488 1487/1487/1487
f 1479/1479/1479 1487/1487/1487 1489/1489/1489
f 1487/1487/1487 1488/1488/1488 1490/1490/1490
f 1487/1487/1487 1490/1490/1490 1489/1489/1489
f 1488/1488/1488 1491/1491/1491 1490/1490/1490
f 1489/1489/1489 1490/1490/1490 1492/1492/1492
f 1490/1490/1490 1491/1491/1491 1493/1493/1493
f 1490/1490/1490 1493/1493/1493 1492/1492/1492
f 1491/1491/1491 1494/1494/1494 1493/1493/1493
f 1492/1492/1492 1493/1493/1493 1495/1495/1495
f 1493/1493/1493 1494/1494/1494 1496/1496/1496
f 1493/1493/1493 1496/1496/1496 1495/1495/1495
f 1494/1494/1494 1486/1486/1486 1496/1496/1496
f 1496/1496/1496 1486/1486/1486 1484/1484/1484
f 1495/1495/1495 1496/1496/1496 1485/1485/1485
f 1496/1496/1496 1484/1484/1484 1485/1485/1485
f 1499/1499/1499 1498/1498/1498 1497/1497/1497
f 1500/1500/1500 1498/1498/1498 1499/1499/1499
f 1499/1499/1499 1497/1497/1497 1501/1501/1501
f 1498/1498/1498 1502/1502/1502 1497/1497/1497
f 1498/1498/1498 1503/1503/1503 1502/1502/1502
f 1497/1497/1497 1502/1502/1502 1504/1504/1504
f 1505/1505/1505 1503/1503/1503 1498/1498/1498
f 1500/1500/1500 1505/1505/1505 1498/1498/1498
f 1505/1505/1505 1506/1506/1506 1503/1503/1503
f 1507/1507/1507 1505/1505/1505 1500/1500/1500
f 1501/1501/1501 1497/1497/1497 1508/1508/1508
f 1497/1497/1497 1504/1504/1504 1508/1508/1508
f 1501/1501/1501 1508/1508/1508 1509/1509/1509
f 1508/1508/1508 1504/1504/1504 1510/1510/1510
f 1509/1509/1509 1508/1508/1508 1511/1511/1511
f 1508/1508/1508 1510/1510/1510 1511/1511/1511
f 1509/1509/1509 1511/1511/1511 1512/1512/1512
f 1511/1511/1511 1510/1510/1510 1513/1513/1513
f 1512/1512/1512 1511/1511/1511 1514/1514/1514
f 1511/1511/1511 1513/1513/1513 1514/1514/1514
f 1512/1512/1512 1514/1514/1514 1515/1515/1515
f 1514/1514/1514 1513/1513/1513 1516/1516/1516
f 1515/1515/1515 1514/1514/1514 1517/1517/1517
f 1514/1514/1514 1516/1516/1516 1517/1517/1517
f 1515/1515/1515 1517/1517/1517 1518/1518/1518
f 1517/1517/1517 1516/1516/1516 1519/1519/1519
f 1518/1518/1518 1517/1517/1517 1520/1520/1520
f 1517/1517/1517 1519/1519/1519 1520/1520/1520
f 1518/1518/1518 1520/1520/1520 1507/1507/1507
f 1520/1520/1520 1519/1519/1519 1506/1506/1506
f 1507/1507/1507 1520/1520/1520 1505/1505/1505
f 1520/1520/1520 1506/1506/1506 1505/1505/1505
f 1523/1523/1523 1522/1522/1522 1521/1521/1521
f 1524/1524/1524 1522/1522/1522 1523/1523/1523
f 1525/1525/1525 1524/1524/1524 1523/1523/1523
f 1522/1522/1522 1526/1526/1526 1521/1521/1521
f 1521/1521/1521 1526/1526/1526 1527/1527/1527
f 1524/1524/1524 1528/1528/1528 1522/1522/1522
f 1528/1528/1528 1529/1529/1529 1522/1522/1522
f 1522/1522/1522 1529/1529/1529 1526/1526/1526
f 1530/1530/1530 1528/1528/1528 1524/1524/1524
f 1529/1529/1529 1531/1531/1531 1526/1526/1526
f 1532/1532/1532 1524/1524/1524 1525/1525/1525
f 1532/1532/1532 1530/1530/1530 1524/1524/1524
f 1533/1533/1533 1532/1532/1532 1525/1525/1525
f 1534/1534/1534 1530/1530/1530 1532/1532/1532
f 1526/1526/1526 1531/1531/1531 1535/1535/1535
f 1526/1526/1526 1535/1535/1535 1527/1527/1527
f 1531/1531/1531 1536/1536/1536 1535/1535/1535
f 1527/1527/1527 1535/1535/1535 1537/1537/1537
f 1535/1535/1535 1536/1536/1536 1538/1538/1538
f 1535/1535/1535 1538/1538/1538 1537/1537/1537
f 1536/1536/1536 1539/1539/1539 1538/1538/1538
f 1537/1537/1537 1538/1538/1538 1540/1540/1540
f 1538/1538/1538 1539/1539/1539 1541/1541/1541
f 1538/1538/1538 1541/1541/1541 1540/1540/1540
f 1539/1539/1539 1542/1542/1542 1541/1541/1541
f 1540/1540/1540 1541/1541/1541 1543/1543/1543
f 1541/1541/1541 1542/1542/1542 1544/1544/1544
f 1541/1541/1541 1544/1544/1544 1543/1543/1543
f 1542/1542/1542 1534/1534/1534 1544/1544/1544
f 1544/1544/1544 1534/1534/1534 1532/1532/1532
f 1543/1543/1543 1544/1544/1544 1533/1533/1533
f 1544/1544/1544 1532/1532/1532 1533/1533/1533
f 1547/1547/1547 1546/1546/1546 1545/1545/1545
f 1548/1548/1548 1546/1546/1546 1547/1547/1547
f 1547/1547/1547 1545/1545/1545 1549/1549/1549
f 1546/1546/1546 1550/1550/1550 1545/1545/1545
f 1546/1546/1546 1551/1551/1551 1550/1550/1550
f 1545/1545/1545 1550/1550/1550 1552/1552/1552
f 1553/1553/1553 1551/1551/1551 1546/1546/1546
f 1548/1548/1548 1553/1553/1553 1546/1546/1546
f 1553/1553/1553 1554/1554/1554 1551/1551/1551
f 1555/1555/1555 1553/1553/1553 1548/1548/1548
f 1549/1549/1549 1545/1545/1545 1556/1556/1556
f 1545/1545/1545 1552/1552/1552 1556/1556/1556
f 1549/1549/1549 1556/1556/1556 1557/1557/1557
f 1556/1556/1556 1552/1552/1552 1558/1558/1558
f 1557/1557/1557 1556/1556/1556 1559/1559/1559
f 1556/1556/1556 1558/1558/1558 1559/1559/1559
f 1557/1557/1557 1559/1559/1559 1560/1560/1560
f 1559/1559/1559 1558/1558/1558 1561/1561/1561
f 1560/1560/1560 1559/1559/1559 1562/1562/1562
f 1559/1559/1559 1561/1561/1561 1562/1562/1562
f 1560/1560/1560 1562/1562/1562 1563/1563/1563
f 1562/1562/1562 1561/1561/1561 1564/1564/1564
f 1563/1563/1563 1562/1562/1562 1565/1565/1565
f 1562/1562/1562 1564/1564/1564 1565/1565/1565
f 1563/1563/1563 1565/1565/1565 1566/1566/1566
f 1565/1565/1565 1564/1564/1564 1567/1567/1567
f 1566/1566/1566 1565/1565/1565 1568/1568/1568
f 1565/1565/1565 1567/1567/1567 1568/1568/1568
f 1566/1566/1566 1568/1568/1568 1555/1555/1555
f 1568/1568/1568 1567/1567/1567 1554/1554/1554
f 1555/1555/1555 1568/1568/1568 1553/1553/1553
f 1568/1568/1568 1554/1554/1554 1553/1553/1553
usemtl player
f 1571/1571/1571 1570/1570/1570 1569/1569/1569
f 1571/1571/1571 1569/1569/1569 1572/1572/1572
f 1575/1575/1575 1574/1574/1574 1573/1573/1573
f 1575/1575/1575 1573/1573/1573 1576/1576/1576
f 1579/1579/1579 1578/1578/1578 1577/1577/1577
f 1579/1579/1579 1577/1577/1577 1580/1580/1580
f 1583/1583/1583 1582/1582/1582 1581/1581/1581
f 1584/1584/1584 1583/1583/1583 1581/1581/1581
f 1587/1587/1587 1586/1586/1586 1585/1585/1585
f 1588/1588/1588 1587/1587/1587 1585/1585/1585
f 1591/1591/1591 1590/1590/1590 1589/1589/1589
f 1592/1592/1592 1591/1591/1591 1589/1589/1589
f 1595/1595/1595 1594/1594/1594 1593/1593/1593
f 1596/1596/1596 1595/1595/1595 1593/1593/1593
f 1599/1599/1599 1598/1598/1598 1597/1597/1597
f 1600/1600/1600 1599/1599/1599 1597/1597/1597
f 1603/1603/1603 1602/1602/1602 1601/1601/1601
f 1604/1604/1604 1603/1603/1603 1601/1601/1601
f 1607/1607/1607 1606/1606/1606 1605/1605/1605
f 1607/1607/1607 1605/1605/1605 1608/1608/1608
f 1611/1611/1611 1610/1610/1610 1609/1609/1609
f 1611/1611/1611 1609/1609/1609 1612/1612/1612
f 1615/1615/1615 1614/1614/1614 1613/1613/1613
f 1615/1615/1615 1613/1613/1613 1616/1616/1616
usemtl player
f 1619/1619/1619 1618/1618/1618 1617/1617/1617
f 1620/1620/1620 1617/1617/1617 1618/1618/1618
f 1620/1620/1620 1618/1618/1618 1621/1621/1621
f 1618/1618/1618 1622/1622/1622 1621/1621/1621
f 1622/1622/1622 1618/1618/1618 1619/1619/1619
f 1621/1621/1621 1622/1622/1622 1623/1623/1623
f 1620/1620/1620 1624/1624/1624 1617/1617/1617
f 1620/1620/1620 1625/1625/1625 1624/1624/1624
f 1625/1625/1625 1626/1626/1626 1624/1624/1624
f 1624/1624/1624 1627/1627/1627 1617/1617/1617
f 1624/1624/1624 1626/1626/1626 1627/1627/1627
f 1617/1617/1617 1627/1627/1627 1619/1619/1619
f 1628/1628/1628 1627/1627/1627 1626/1626/1626
f 1629/1629/1629 1619/1619/1619 1627/1627/1627
f 1629/1629/1629 1627/1627/1627 1628/1628/1628
f 1630/1630/1630 1622/1622/1622 1619/1619/1619
f 1630/1630/1630 1619/1619/1619 1629/1629/1629
f 1631/1631/1631 1629/1629/1629 1628/1628/1628
f 1631/1631/1631 1628/1628/1628 1632/1632/1632
f 1633/1633/1633 1630/1630/1630 1629/1629/1629
f 1631/1631/1631 1632/1632/1632 1634/1634/1634
f 1631/1631/1631 1634/1634/1634 1629/1629/1629
f 1633/1633/1633 1629/1629/1629 1634/1634/1634
f 1635/1635/1635 1634/1634/1634 1632/1632/1632
f 1633/1633/1633 1636/1636/1636 1630/1630/1630
f 1633/1633/1633 1634/1634/1634 1636/1636/1636
f 1635/1635/1635 1636/1636/1636 1634/1634/1634
f 1635/1635/1635 1637/1637/1637 1636/1636/1636
f 1635/1635/1635 1638/1638/1638 1637/1637/1637
f 1639/1639/1639 1637/1637/1637 1638/1638/1638
f 1639/1639/1639 1638/1638/1638 1640/1640/1640
f 1639/1639/1639 1641/1641/1641 1637/1637/1637
f 1639/1639/1639 1640/1640/1640 1641/1641/1641
f 1641/1641/1641 1622/1622/1622 1630/1630/1630
f 1640/1640/1640 1623/1623/1623 1641/1641/1641
f 1641/1641/1641 1623/1623/1623 1622/1622/1622
f 1644/1644/1644 1643/1643/1643 1642/1642/1642
f 1644/1644/1644 1645/1645/1645 1643/1643/1643
f 1644/1644/1644 1642/1642/1642 1646/1646/1646
f 1644/1644/1644 1646/1646/1646 1645/1645/1645
usemtl player
f 1649/1649/1649 1648/1648/1648 1647/1647/1647
f 1649/1649/1649 1647/1647/1647 1650/1650/1650
f 1653/1653/1653 1652/1652/1652 1651/1651/1651
f 1653/1653/1653 1651/1651/1651 1654/1654/1654
f 1657/1657/1657 1656/1656/1656 1655/1655/1655
f 1657/1657/1657 1655/1655/1655 1658/1658/1658
f 1661/1661/1661 1660/1660/1660 1659/1659/1659
f 1661/1661/1661 1659/1659/1659 1662/1662/1662
f 1665/1665/1665 1664/1664/1664 1663/1663/1663
f 1665/1665/1665 1663/1663/1663 1666/1666/1666
f 1669/1669/1669 1668/1668/1668 1667/1667/1667
f 1669/1669/1669 1667/1667/1667 1670/1670/1670
f 1673/1673/1673 1672/1672/1672 1671/1671/1671
f 1674/1674/1674 1673/1673/1673 1671/1671/1671
f 1677/1677/1677 1676/1676/1676 1675/1675/1675
f 1678/1678/1678 1677/1677/1677 1675/1675/1675
f 1681/1681/1681 1680/1680/1680 1679/1679/1679
f 1682/1682/1682 1681/1681/1681 1679/1679/1679
f 1685/1685/1685 1684/1684/1684 1683/1683/1683
f 1686/1686/1686 1685/1685/1685 1683/1683/1683
f 1689/1689/1689 1688/1688/1688 1687/1687/1687
f 1690/1690/1690 1689/1689/1689 1687/1687/1687
f 1693/1693/1693 1692/1692/1692 1691/1691/1691
f 1694/1694/1694 1693/1693/1693 1691/1691/1691
usemtl player
f 1697/1697/1697 1696/1696/1696 1695/1695/1695
f 1698/1698/1698 1697/1697/1697 1695/1695/1695
f 1698/1698/1698 1695/1695/1695 1699/1699/1699
f 1697/1697/1697 1700/1700/1700 1696/1696/1696
f 1700/1700/1700 1701/1701/1701 1696/1696/1696
f 1700/1700/1700 1702/1702/1702 1701/1701/1701
f 1702/1702/1702 1703/1703/1703 1701/1701/1701
f 1702/1702/1702 1704/1704/1704 1703/1703/1703
f 1703/1703/1703 1704/1704/1704 1705/1705/1705
f 1706/1706/1706 1703/1703/1703 1705/1705/1705
f 1706/1706/1706 1705/1705/1705 1707/1707/1707
f 1708/1708/1708 1706/1706/1706 1707/1707/1707
f 1708/1708/1708 1707/1707/1707 1709/1709/1709
f 1710/1710/1710 1708/1708/1708 1709/1709/1709
f 1710/1710/1710 1709/1709/1709 1711/1711/1711
f 1712/1712/1712 1710/1710/1710 1711/1711/1711
usemtl player
f 1715/1715/1715 1714/1714/1714 1713/1713/1713
f 1716/1716/1716 1714/1714/1714 1715/1715/1715
f 1713/1713/1713 1714/1714/1714 1717/1717/1717
f 1718/1718/1718 1714/1714/1714 1716/1716/1716
f 1717/1717/1717 1714/1714/1714 1719/1719/1719
f 1720/1720/1720 1714/1714/1714 1718/1718/1718
f 1719/1719/1719 1714/1714/1714 1721/1721/1721
f 1721/1721/1721 1714/1714/1714 1720/1720/1720
f 1724/1724/1724 1723/1723/1723 1722/1722/1722
f 1725/1725/1725 1723/1723/1723 1724/1724/1724
f 1722/1722/1722 1723/1723/1723 1726/1726/1726
f 1727/1727/1727 1723/1723/1723 1725/1725/1725
f 1726/1726/1726 1723/1723/1723 1728/1728/1728
f 1729/1729/1729 1723/1723/1723 1727/1727/1727
f 1728/1728/1728 1723/1723/1723 1730/1730/1730
f 1730/1730/1730 1723/1723/1723 1729/1729/1729
f 1733/1733/1733 1732/1732/1732 1731/1731/1731
f 1734/1734/1734 1732/1732/1732 1733/1733/1733
f 1735/1735/1735 1734/1734/1734 1733/1733/1733
f 1736/1736/1736 1734/1734/1734 1735/1735/1735
f 1737/1737/1737 1736/1736/1736 1735/1735/1735
f 1738/1738/1738 1736/1736/1736 1737/1737/1737
f 1739/1739/1739 1738/1738/1738 1737/1737/1737
f 1740/1740/1740 1738/1738/1738 1739/1739/1739
f 1741/1741/1741 1740/1740/1740 1739/1739/1739
f 1742/1742/1742 1740/1740/1740 1741/1741/1741
f 1743/1743/1743 1742/1742/1742 1741/1741/1741
f 1744/1744/1744 1742/1742/1742 1743/1743/1743
f 1745/1745/1745 1744/1744/1744 1743/1743/1743
f 1746/1746/1746 1744/1744/1744 1745/1745/1745
f 1747/1747/1747 1746/1746/1746 1745/1745/1745
f 1748/1748/1748 1746/1746/1746 1747/1747/1747
f 1751/1751/1751 1750/1750/1750 1749/1749/1749
f 1752/1752/1752 1750/1750/1750 1751/1751/1751
f 1750/1750/1750 1753/1753/1753 1749/1749/1749
f 1749/1749/1749 1753/1753/1753 1754/1754/1754
f 1750/1750/1750 1755/1755/1755 1753/1753/1753
f 1752/1752/1752 1756/1756/1756 1750/1750/1750
f 1756/1756/1756 1755/1755/1755 1750/1750/1750
f 1757/1757/1757 1756/1756/1756 1752/1752/1752
f 1758/1758/1758 1755/1755/1755 1756/1756/1756
f 1758/1758/1758 1756/1756/1756 1757/1757/1757
f 1761/1761/1761 1760/1760/1760 1759/1759/1759
f 1762/1762/1762 1760/1760/1760 1761/1761/1761
f 1760/1760/1760 1763/1763/1763 1759/1759/1759
f 1759/1759/1759 1763/1763/1763 1764/1764/1764
f 1760/1760/1760 1757/1757/1757 1763/1763/1763
f 1765/1765/1765 1757/1757/1757 1760/1760/1760
f 1762/1762/1762 1765/1765/1765 1760/1760/1760
f 1766/1766/1766 1765/1765/1765 1762/1762/1762
f 1769/1769/1769 1768/1768/1768 1767/1767/1767
f 1767/1767/1767 1768/1768/1768 1770/1770/1770
f 1769/1769/1769 1767/1767/1767 1771/1771/1771
f 1771/1771/1771 1767/1767/1767 1770/1770/1770
f 1774/1774/1774 1773/1773/1773 1772/1772/1772
f 1774/1774/1774 1775/1775/1775 1773/1773/1773
f 1772/1772/1772 1773/1773/1773 1776/1776/1776
f 1773/1773/1773 1775/1775/1775 1776/1776/1776
f 1778/1778/1778 1772/1772/1772 1777/1777/1777
f 1779/1779/1779 1778/1778/1778 1777/1777/1777
f 1781/1781/1781 1771/1771/1771 1780/1780/1780
f 1782/1782/1782 1781/1781/1781 1780/1780/1780
f 1785/1785/1785 1784/1784/1784 1783/1783/1783
f 1783/1783/1783 1784/1784/1784 1786/1786/1786
f 1785/1785/1785 1783/1783/1783 1787/1787/1787
f 1787/1787/1787 1783/1783/1783 1786/1786/1786
f 1789/1789/1789 1787/1787/1787 1788/1788/1788
f 1790/1790/1790 1789/1789/1789 1788/1788/1788
f 1793/1793/1793 1792/1792/1792 1791/1791/1791
f 1794/1794/1794 1792/1792/1792 1793/1793/1793
f 1794/1794/1794 1795/1795/1795 1792/1792/1792
f 1796/1796/1796 1795/1795/1795 1794/1794/1794
f 1795/1795/1795 1797/1797/1797 1792/1792/1792
f 1792/1792/1792 1798/1798/1798 1791/1791/1791
f 1792/1792/1792 1797/1797/1797 1798/1798/1798
f 1791/1791/1791 1798/1798/1798 1799/1799/1799
f 1798/1798/1798 1797/1797/1797 1800/1800/1800
f 1799/1799/1799 1798/1798/1798 1800/1800/1800
f 1803/1803/1803 1802/1802/1802 1801/1801/1801
f 1804/1804/1804 1802/1802/1802 1803/1803/1803
f 1802/1802/1802 1805/1805/1805 1801/1801/1801
f 1801/1801/1801 1805/1805/1805 1806/1806/1806
f 1802/1802/1802 1799/1799/1799 1805/1805/1805
f 1807/1807/1807 1799/1799/1799 1802/1802/1802
f 1804/1804/1804 1807/1807/1807 1802/1802/1802
f 1808/1808/1808 1807/1807/1807 1804/1804/1804
f 1811/1811/1811 1810/1810/1810 1809/1809/1809
f 1812/1812/1812 1810/1810/1810 1811/1811/1811
f 1813/1813/1813 1811/1811/1811 1809/1809/1809
f 1812/1812/1812 1811/1811/1811 1813/1813/1813
f 1816/1816/1816 1815/1815/1815 1814/1814/1814
f 1817/1817/1817 1815/1815/1815 1816/1816/1816
f 1815/1815/1815 1818/1818/1818 1814/1814/1814
f 1817/1817/1817 1818/1818/1818 1815/1815/1815
f 1820/1820/1820 1816/1816/1816 1819/1819/1819
f 1820/1820/1820 1819/1819/1819 1821/1821/1821
f 1823/1823/1823 1813/1813/1813 1822/1822/1822
f 1823/1823/1823 1822/1822/1822 1824/1824/1824
f 1827/1827/1827 1826/1826/1826 1825/1825/1825
f 1828/1828/1828 1826/1826/1826 1827/1827/1827
f 1829/1829/1829 1827/1827/1827 1825/1825/1825
f 1828/1828/1828 1827/1827/1827 1829/1829/1829
f 1831/1831/1831 1829/1829/1829 1830/1830/1830
f 1831/1831/1831 1830/1830/1830 1832/1832/1832
